custom/routes_completed,custom/avg_speed,custom/mean_reward,custom/total_reward,custom/avg_center_dev,custom/total_distance,time/time_elapsed,rollout/ep_len_mean,rollout/ep_rew_mean,time/total_timesteps,time/episodes,time/fps,train/actor_loss,train/critic_loss,train/n_updates,train/learning_rate
0.38461538461538464,13.409639388435924,0.03018546309267922,1.8714987117461117,0.6617290020379094,15.123343168990687,,,,,,,,,,
0.0391304347826087,11.717334251351845,-0.09637378820962912,-4.240446681223681,0.8142962816357472,9.326161397388205,,,,,,,,,,
0.3103448275862069,14.723012724956098,-0.04406736712966617,-2.9965809648172996,0.6458005398508098,18.27899989672005,,,,,,,,,,
0.7777777777777778,13.374849659643017,0.05184649446755365,3.0070966791181117,0.7547142072499334,14.105043071322143,,,,,,,,,,
,,,,,,6,57.0,-0.5986525,228,4,33,,,,
0.6379310344827587,21.32521835811945,0.17342650284589703,16.30209126751432,0.46660974250936943,36.76886971690692,,,,,,,,,,
0.011037527593818985,7.377667151949306,-0.0748343518655355,-3.0682084264869554,0.30292524524131437,5.442504676990211,,,,,,,,,,
0.4090909090909091,12.31705215749857,0.24153732657916574,18.598374146595763,0.2158965253153092,17.541925653349608,,,,,,,,,,
0.05572755417956656,16.497049736900873,0.060302059835982365,3.6784256499949244,0.5750987740978847,18.342279677279294,,,,,,,,,,
,,,,,,13,62.125,4.130464375,497,8,36,,,,
0.26666666666666666,11.231667348153497,0.013265453210490196,0.7959271926294118,0.6506373364336502,12.2697086869739,,,,,,,,,,
0.10526315789473684,16.626454406855373,0.20822482913319088,16.65798633065527,0.6272195896349245,24.37962671276182,,,,,,,,,,
0.4523809523809524,15.863081985609568,-0.056272421852178435,-3.5451625766872414,1.211886129798884,18.202775778481737,,,,,,,,,,
0.06666666666666667,17.40747728015348,0.025440241747948678,2.035219339835894,0.85209750161659,25.494231178658083,,,,,,,,,,
,,,,,,20,64.66666666666667,4.076269,776,12,38,,,,
0.1145374449339207,16.37524214830821,0.05835055376881947,4.784745409043197,0.8417665449799006,24.559019973501563,,,,,,,,,,
0.07348242811501597,17.29443824749147,0.24312296810926762,17.50485370386727,0.3165999633740251,22.867177182342857,,,,,,,,,,
0.22727272727272727,12.095591223348308,-0.03272529880717264,-1.5708143427442867,0.8305044352935416,10.54569308878854,,,,,,,,,,
0.11328125,17.664442761147317,0.20012003116268334,17.010202648828084,0.29034997497283477,27.505727854091674,,,,,,,,,,
,,,,,,26,66.1875,5.4084246875,1059,16,39,,,,
0.14893617021276595,9.074181369341975,-0.13550215961632464,-5.555588544269311,0.6924787388870774,6.655528848757967,,,,,,,,,,
0.07042253521126761,13.827065471991082,-0.0594771781803354,-3.984970938082472,0.8901445549874585,16.90446365601383,,,,,,,,,,
0.052083333333333336,8.116015652350736,-0.13777421376673787,-4.271000626768874,0.293648049797024,4.470806645229459,,,,,,,,,,
0.14942528735632185,12.370671025330527,0.08073782412309607,4.844269447385765,0.496398726999866,13.448540460783988,,,,,,,,,,
,,,,,,32,62.7,3.8765662,1254,20,39,,,,
0.13095238095238096,9.875189496651391,0.10594653353887408,6.356792012332445,0.31000016772885153,10.940524837002158,,,,,,,,,,
0.08947368421052632,13.727276477830346,0.06744585560168811,4.721209892118168,0.6078304559529696,17.54638670850545,,,,,,,,,,
0.05952380952380952,13.136357095663202,0.10645054201152632,6.91928523074921,0.5243350669939485,15.565097063430585,,,,,,,,,,
0.02158273381294964,9.993420454085122,-0.06059829565601282,-3.029914782800641,0.6794983999686416,9.048984084744006,,,,,,,,,,
,,,,,,38,62.291666666666664,3.8526049166666674,1495,24,38,,,,
0.717948717948718,17.325772198429377,-0.016238824290624086,-1.4614941861561679,1.0052832866054124,28.55442326935008,,,,,,,,,,
0.06965174129353234,10.80800839437,0.0217431220509347,1.5437616656163637,0.7761942087066906,14.033420101972297,,,,,,,,,,
0.1206896551724138,9.10975441831452,-0.11051422327192052,-4.862625823964503,0.7243793565022668,7.229839316103607,,,,,,,,,,
0.021377672209026127,10.001256099151975,0.10378625851614115,5.500671701355481,0.17986008291330763,9.620665980037302,,,,,,,,,,
,,,,,,45,62.464285714285715,3.3254425357142865,1749,28,38,,,,
0.1896551724137931,11.551962255246309,-0.050168599771499275,-2.558598588346463,0.7265567375965372,10.669973521726206,,,,,,,,,,
0.020361990950226245,10.813526390880375,-0.08401371350276166,-4.0326582481325595,0.8158498018585885,9.447314501972869,,,,,,,,,,
0.29545454545454547,12.415195762200861,0.08249298236800219,4.86708595971213,0.47999877218601883,13.317149568349123,,,,,,,,,,
0.030837004405286344,14.598878095655941,0.032085941839034474,1.6684689756297928,0.5405389918379243,13.912584852892905,,,,,,,,,,
,,,,,,50,61.09375,2.90352603125,1955,32,38,,,,
0.24444444444444444,11.844733242067411,0.00883487521686277,0.45057863606000126,0.5898815813512499,10.949507652316242,,,,,,,,,,
0.1065989847715736,15.993168911147784,0.11844155138303966,8.527791699578856,0.4816760110224755,21.040532999206334,,,,,,,,,,
0.42857142857142855,15.295206393824456,0.2305729125428969,14.526093490202506,0.3836677591384595,17.57939192885533,,,,,,,,,,
0.04472843450479233,12.777332219771631,0.07615989590733581,4.72191354625482,0.5394459302652393,14.394574825884774,,,,,,,,,,
,,,,,,57,61.083333333333336,3.362805277777778,2199,36,38,,,,
0.09251101321585903,15.867150524228963,0.07525480877049698,5.418346231475782,0.5098964601987621,20.86044139135629,,,,,,,,,,
0.03954802259887006,7.90072021232183,-0.07441067351886999,-3.943765696500109,0.5562373193731898,7.553822567686439,,,,,,,,,,
0.29545454545454547,14.578916763782964,0.04849167763160552,2.327600526317065,0.5906275173202421,12.734055480919778,,,,,,,,,,
0.01981981981981982,12.085301798613228,-0.03008694007421028,-1.624694764007355,0.7120796370564577,11.844404869247228,,,,,,,,,,
,,,,,,63,60.55,3.080057425,2422,40,38,,,,
0.1702127659574468,8.445610444558115,-0.11032951891359714,-5.40614642676626,0.7047938645154423,7.493172048591077,,,,,,,,,,
0.029801324503311258,11.080439897416575,-0.08243623690733992,-4.121811845366996,0.7990461311488738,10.06842554337345,,,,,,,,,,
0.13541666666666666,11.95095636589684,0.058500879471340875,3.5100527682804525,0.5821264806872359,13.046716395532712,,,,,,,,,,
0.09836065573770492,14.217775341336695,0.13935873603245122,9.615752786239135,0.575300109502638,17.943699446856044,,,,,,,,,,
,,,,,,69,60.13636363636363,2.878545818181818,2646,44,38,,,,
0.5476190476190477,18.839076515458608,0.1785136926198336,20.529074651280865,0.766114322093264,39.81160359282512,,,,,,,,,,
0.05357142857142857,13.486615280679127,0.04195499211412402,2.139704597820325,0.6297339899980062,12.509053208632395,,,,,,,,,,
0.03968253968253968,11.63207321037725,0.07128184898617126,3.7779379962670774,0.5636626216112874,11.186362428357825,,,,,,,,,,
0.09045226130653267,13.788204492403754,0.05834745370745901,4.259364120644507,0.5609829560669632,18.39084271597676,,,,,,,,,,
,,,,,,76,61.125,3.2760693958333333,2934,48,38,,,,
0.38461538461538464,11.850633788420438,0.05556905335967254,3.778695628457733,0.6215408012128687,14.870497011346743,,,,,,,,,,
1.0743494423791822,14.380926204245572,0.28197609321523015,30.171441974029626,0.3641789218614464,103.92269643873442,,,,,,,,,,
0.603448275862069,18.85710663194875,0.20356109962878066,20.356109962878065,0.8578760562962531,34.60072701307945,,,,,,,,,,
0.075,10.91403820781036,0.03099584669823756,1.5807881816101155,0.4651222851824,10.028405172284693,,,,,,,,,,
,,,,,,84,62.61538461538461,4.097442115384616,3256,52,38,,,,
0.3103448275862069,16.290232567287596,0.2591301691445587,16.06607048696264,0.44028603920186127,18.442415590165183,,,,,,,,,,
0.04054054054054054,12.01109583765487,-0.07659366628385333,-3.3701213164895467,0.696348069247951,9.526379557093605,,,,,,,,,,
0.45454545454545453,13.594443877655513,0.25738775235686967,20.848407940906444,0.3969142028765059,20.128474622499198,,,,,,,,,,
0.03146853146853147,11.2208793252408,-0.06470533823630058,-3.1058562353424275,0.7215003626120015,9.800194637384266,,,,,,,,,,
,,,,,,90,62.267857142857146,4.347667732142858,3487,56,38,,,,
0.7111111111111111,19.657877103094645,0.1176266541817095,10.115892259627017,0.9290101626268181,30.9828215012094,,,,,,,,,,
0.07142857142857142,15.884980662806012,0.01610711739969857,1.3207836267752828,1.0356653997119145,23.82236961997114,,,,,,,,,,
0.5714285714285714,17.313834314690194,0.16345362624341886,12.095568342012996,0.31830462792284114,23.414546261075884,,,,,,,,,,
0.06818181818181818,12.304212253866112,0.1535985197580459,9.983903784272982,0.24336554764925497,14.6445045361761,,,,,,,,,,
,,,,,,97,63.166666666666664,4.615233466666667,3790,60,39,,,,
0.05726872246696035,11.588742999798253,0.0008231812430970084,0.04774451209962649,0.6371905555491397,12.225084959995002,,,,,,,,,,
0.020202020202020204,8.282472682204602,-0.14805744171712745,-6.514527435553608,0.7296906243579379,6.537731347372755,,,,,,,,,,
0.29545454545454547,14.044504509470888,0.13417270168417478,7.1111531892612625,0.5132337375122163,13.549918107222766,,,,,,,,,,
0.049586776859504134,13.305612685740332,0.021344557074463005,1.4087407669145584,0.5508472952137379,15.961377432569861,,,,,,,,,,
,,,,,,102,62.609375,4.357698796875001,4007,64,39,,,,
0.2765957446808511,11.436374489889765,-0.049828193313822086,-2.9896915988293253,0.8076893962474927,12.68974981433712,,,,,,,,,,
0.03160270880361174,13.142400641497368,0.04006786193798658,2.283868130465235,0.41605806069792217,13.671823821729049,,,,,,,,,,
0.09375,9.531047510174,-0.05075619804989836,-2.588566100544816,0.6593805197086797,8.801617323886603,,,,,,,,,,
0.0288659793814433,13.53095572561895,-0.029922232759568956,-1.7654117328145684,0.8021836857799456,14.514323674840853,,,,,,,,,,
,,,,,,108,62.205882352941174,4.025890647058823,4230,68,38,,,,
0.35714285714285715,18.085781083624372,-0.00036391241957333195,-0.03129646808330655,0.8499945135045008,28.483389974571764,,,,,,,,,,
0.32,9.668848636775776,-0.10346551544126506,-4.759413710298193,0.6446705600547673,8.026813271688297,,,,,,,,,,
0.10317460317460317,17.952135215100704,0.16046072442503656,13.318240127278035,0.5894779575286355,27.331499563646503,,,,,,,,,,
0.04245283018867924,10.688887307373346,-0.039435930640548164,-1.9717965320274082,0.7806745889665626,9.729971307097003,,,,,,,,,,
,,,,,,115,62.375,3.8913078750000003,4491,72,38,,,,
0.3333333333333333,12.719030074405946,0.052639551400268283,3.000454429815292,0.6462424512206005,13.198481451487169,,,,,,,,,,
0.019704433497536946,9.907246047277441,-0.025748672516962536,-1.0299469006785014,0.30413309675711886,7.260651655262336,,,,,,,,,,
0.20689655172413793,11.196542720372461,0.0866840598512393,5.201043591074358,0.5350101547772413,12.25199466792401,,,,,,,,,,
0.042704626334519574,10.71100634498959,-0.018566704614616812,-1.0768688676477751,0.7762058981487184,11.312244717264548,,,,,,,,,,
,,,,,,121,61.86842105263158,3.765751157894737,4702,76,38,,,,
0.3448275862068966,16.395795335833302,0.06997602314457249,4.7583695738309295,0.4847131935193598,20.28963016322814,,,,,,,,,,
0.08900523560209424,12.48830019180359,0.14916285386835468,11.48553974786331,0.5432074761343368,17.602235356811434,,,,,,,,,,
0.5,16.137963342323072,0.22129692216696537,17.039863006856333,0.5503932846260354,22.735927427420393,,,,,,,,,,
0.02932551319648094,9.923288232947694,-0.0010647823769552708,-0.059627813109495165,0.49758257505300113,10.213064941810444,,,,,,,,,,
,,,,,,128,62.2,3.9923252250000005,4976,80,38,,,,
0.6888888888888889,18.0061208236059,-0.01651191844585829,-1.5025845785731047,1.257076146991363,30.010501788463444,,,,,,,,,,
0.13740458015267176,16.409841120672745,-0.016331417437394607,-1.0452107159932549,0.6226160756517422,19.186340710381046,,,,,,,,,,
0.21428571428571427,10.267420974581933,-0.0399153854031337,-1.9159384993504176,0.5675357833167899,8.903237758902833,,,,,,,,,,
0.02459016393442623,12.671682621941935,0.1145782571079758,7.676743226234379,0.5922888161304868,15.493145631160587,,,,,,,,,,
,,,,,,134,62.404761904761905,3.8387206071428572,5242,84,39,,,,
0.05726872246696035,11.038879417522239,0.03527969638234259,2.3284599612346106,0.3505613922514109,13.244049653876573,,,,,,,,,,
0.07780979827089338,17.506858963875597,0.21335886452391156,17.282068026436836,0.6252814377947082,25.978221957106143,,,,,,,,,,
0.6818181818181818,17.290643720685136,0.15515690906950708,15.826004725089721,0.6243430162304414,32.37360159220407,,,,,,,,,,
0.038011695906432746,12.033426557322661,0.005248819558810505,0.2781874366169568,0.7147760921992196,11.602495100116357,,,,,,,,,,
,,,,,,140,62.95454545454545,4.06884065909091,5540,88,39,,,,
0.2765957446808511,11.913723634172225,-0.06331983595520517,-3.6725504854019,0.8596948248852896,12.769945523934439,,,,,,,,,,
0.017142857142857144,10.247793785535,-0.04350424305301962,-2.088203666544942,0.6868805997629012,8.93086935998872,,,,,,,,,,
0.052083333333333336,7.240038260275116,-0.09321865309848934,-3.262652858447127,0.21622612002851993,4.6594519258942455,,,,,,,,,,
0.03202846975088968,10.890527732132504,-0.07074018766214063,-3.3955290077827502,0.8281061300442626,9.471100577386096,,,,,,,,,,
,,,,,,146,62.22826086956522,3.7561709891304353,5725,92,39,,,,
0.07142857142857142,9.502159579713982,-0.05290576561541292,-1.9046075621548653,0.33125634950247684,6.3302743441890925,,,,,,,,,,
0.02676864244741874,12.815504097785047,0.1403510663362609,8.561415046511915,0.3246091627741038,14.28661186620593,,,,,,,,,,
0.027777777777777776,9.514919136994358,-0.12895453309371507,-5.931908522310893,0.8062198391028307,7.885848497739062,,,,,,,,,,
0.05921052631578947,10.425770025093723,0.07825182959653565,4.1473469686163895,0.4307023993387108,10.051957163028419,,,,,,,,,,
,,,,,,151,61.635416666666664,3.6492969583333337,5917,96,39,,,,
0.38461538461538464,13.794683893680794,-0.07871978993440247,-4.644467606129746,1.2455573307556198,15.002253385493532,,,,,,,,,,
0.06486486486486487,16.263164943378133,0.018319250385746274,1.5204977820169407,1.266393934171543,24.704138623550534,,,,,,,,,,
0.5,15.087984702728647,0.2107272791540204,22.758546148634203,0.40500873721765135,29.925172882387415,,,,,,,,,,
0.16494845360824742,14.392452621179514,0.08371551468813317,5.525223969416789,0.5268660182767607,17.308762051863596,,,,,,,,,,
,,,,,,158,62.29,3.7538609499999995,6229,100,39,,,,
0.25862068965517243,13.824902884352715,0.08414495056337017,5.04869703380221,0.6605098377222204,15.151837166864425,,,,,,,,,,
0.06060606060606061,14.37485484919769,0.08436841020658503,6.833841226733387,0.618297505380639,21.28659585979767,,,,,,,,,,
0.4772727272727273,15.125052868903087,0.17624018580386092,13.394254121093429,0.5499128084850825,20.99424804013688,,,,,,,,,,
0.021739130434782608,11.273294611163516,-0.08392095427711065,-4.028205805301311,0.7438068031564677,9.790884657762945,,,,,,,,,,
,,,,,,165,62.62,3.98993112,6490,104,39,,,,
0.5555555555555556,16.712560514370846,0.28662124751800105,23.502942296476085,0.2910673908816084,25.05036502436269,,,,,,,,,,
0.14285714285714285,12.896508014878664,0.15668996942719843,10.0281580433407,0.36038363086767045,15.105557494796813,,,,,,,,,,
0.47619047619047616,14.189414135191434,0.010131300029916185,0.7598475022437139,1.097192367962704,19.449243518407457,,,,,,,,,,
0.028824833702882482,12.686935485273287,0.047669348787332116,2.6218141833032664,0.5616014946287184,12.688515664078295,,,,,,,,,,
,,,,,,172,62.65,4.0039615600000005,6762,108,39,,,,
0.07929515418502203,13.913059573546786,0.23769214650219805,16.87614240165606,0.19548058063911747,18.245909529505298,,,,,,,,,,
0.05862068965517241,19.42992798438451,0.17361199594729196,16.493139614992735,0.8550840858670203,33.91577515867539,,,,,,,,,,
0.25,11.36781738088745,0.05361393668677243,2.7879247077121665,0.5708152254969254,10.764624819625169,,,,,,,,,,
0.03225806451612903,11.385115222975399,-0.04574611437752538,-2.4702901763863707,0.7240014909307612,11.158850767067634,,,,,,,,,,
,,,,,,178,62.54,4.18137539,7030,112,39,,,,
0.9148936170212766,20.658130836843483,0.07995233576331347,8.874709269727795,0.679699429449833,42.13150199363008,,,,,,,,,,
0.07094594594594594,15.548747652459403,-0.061707267749870814,-3.8258506004919903,1.004277791956841,17.60885759233497,,,,,,,,,,
0.052083333333333336,7.683302332072143,-0.09657715993544486,-3.283623437805125,0.246556712441505,4.687920440454036,,,,,,,,,,
0.044715447154471545,10.585368132009988,-0.09036036490177117,-5.060180434499186,0.8334199740126208,10.765100062009878,,,,,,,,,,
,,,,,,184,62.3,3.7715047800000003,7289,116,39,,,,
0.13095238095238096,11.100128438040175,-0.06535638222283223,-3.5292446400329407,0.4795712462355596,10.875324891880155,,,,,,,,,,
0.02650602409638554,10.981413483243033,-0.1252576740958244,-5.386079986120449,0.8047787162943629,8.508897160179913,,,,,,,,,,
0.08333333333333333,14.776263652245893,0.07162187545512569,5.658128160954929,0.6613239007586664,21.352214094949886,,,,,,,,,,
0.06628242074927954,14.767842322250141,0.13594755255484017,11.419594414606575,0.470784272716588,22.672421255381778,,,,,,,,,,
,,,,,,191,62.91,3.9420781099999997,7545,120,39,,,,
0.5641025641025641,16.46795422784796,-0.05156864585486408,-3.867648439114806,1.0113725299021952,22.60320193064399,,,,,,,,,,
0.012315270935960592,8.044317835334788,-0.14730194362754873,-5.008266083336657,0.3577230773542944,4.949657395132817,,,,,,,,,,
0.1896551724137931,11.053871785172394,-0.0018381420479510588,-0.10293595468525929,0.6180752742206096,11.197301191743463,,,,,,,,,,
0.10416666666666667,19.110899769185785,0.18513532827387919,19.99461545357895,0.6152686048718438,37.88013569114264,,,,,,,,,,
,,,,,,197,63.19,3.90220616,7814,124,39,,,,
0.6724137931034483,18.846813388381435,0.12978997636803516,14.925847282324042,0.9026759536782548,39.853471039328724,,,,,,,,,,
0.03409090909090909,14.245550332072751,0.15455816254819327,8.655257102698823,0.26472952966587676,14.634395336033776,,,,,,,,,,
0.5909090909090909,15.975751121520377,0.07043088374112774,6.1979177692192415,0.8329952793202868,25.75511166243814,,,,,,,,,,
0.07281553398058252,18.840493459631546,0.21762394332676266,20.45665067271569,0.49926273974634544,32.53233049833216,,,,,,,,,,
,,,,,,205,64.14,4.397340590000001,8163,128,39,,,,
0.24444444444444444,12.210024907509712,-0.029260650244086788,-1.4337718619602526,0.7212429667475841,10.8296864842996,,,,,,,,,,
0.0436241610738255,12.743683537338269,0.15278933058418437,8.40341318213014,0.3001089681462015,12.755851791007444,,,,,,,,,,
0.6904761904761905,17.31336160795639,0.17054833018284524,16.202091367370297,0.49284113726967566,30.18578968127258,,,,,,,,,,
0.04914933837429111,17.352455197616173,0.21118893174254802,17.528681334631486,0.2389728820577266,26.337288085371256,,,,,,,,,,
,,,,,,212,64.86,4.80561673,8441,132,39,,,,
0.039647577092511016,10.660326584037959,-0.0634196781343233,-2.790465837910225,0.7448396842380078,8.504481812706217,,,,,,,,,,
0.04468085106382979,16.08002920621147,0.1753431268756603,12.800048261923202,0.6207419289539335,21.41888644755818,,,,,,,,,,
0.22727272727272727,10.472188993265831,-0.012664614132920592,-0.683889163177712,0.6885169382120652,10.290703610749915,,,,,,,,,,
0.06376811594202898,16.19664054292389,0.09199714914922685,7.083780484490468,0.5209942025866595,22.793259462807328,,,,,,,,,,
,,,,,,217,64.86,4.687144539999999,8685,136,39,,,,
0.3617021276595745,13.861592295217772,0.045955720287921394,3.1249889795786547,0.4803177888518789,17.12109443778172,,,,,,,,,,
0.5882352941176471,10.330314832068284,-0.00411409783202659,-0.23038947859348902,0.5962311855305066,10.506825181888416,,,,,,,,,,
0.11458333333333333,11.213728358539472,0.013989396235634555,0.7834061891955351,0.6167086978924635,11.396620927611366,,,,,,,,,,
0.029411764705882353,11.453508436285182,0.02410508687171591,1.4463052123029545,0.7022330986611041,12.734178608516231,,,,,,,,,,
,,,,,,223,64.99,4.716620710000001,8921,140,39,,,,
0.07142857142857142,9.044440411347912,-0.1142335555496381,-4.2266415553366095,0.43447330929162603,6.208565093111247,,,,,,,,,,
0.059322033898305086,9.48050520748011,-0.04770191864363549,-2.2896920948945034,0.5996187988039248,8.21241712779738,,,,,,,,,,
0.04365079365079365,11.490456795996806,-0.03491982875269833,-1.9555104101511063,0.8678354340506139,11.726084591122344,,,,,,,,,,
0.08163265306122448,12.203385503616614,0.0361165273088884,2.0225255292977504,0.6465031498267554,12.403546166140586,,,,,,,,,,
,,,,,,229,64.68,4.616504250000001,9114,144,39,,,,
0.23076923076923078,10.481327962654726,0.007584053107162494,0.3867867084652872,0.587180651307375,9.706383632263169,,,,,,,,,,
0.022508038585209004,9.648919854705566,-0.03458169133238751,-1.5907578012898256,0.5211491380923058,8.161435603862628,,,,,,,,,,
0.1896551724137931,12.629221884035926,0.047096820805928315,2.3077442194904876,0.6058654648921635,11.25161055359058,,,,,,,,,,
0.05491329479768786,14.2196186182306,0.20495582887937933,15.37168716595345,0.42854629899119717,19.47987001761794,,,,,,,,,,
,,,,,,235,63.97,4.474241760000001,9331,148,39,,,,
0.29310344827586204,13.961211645630877,0.11825623241898607,8.15968003691004,0.5582553283488686,17.540062529500574,,,,,,,,,,
0.03088803088803089,9.38660044681031,-0.05634528752615285,-2.8172643763076426,0.60530203514588,8.498967167921364,,,,,,,,,,
0.36363636363636365,12.301572526103508,0.14186945321014932,10.21460063113075,0.4854962893375155,16.172813907964155,,,,,,,,,,
0.036048064085447265,18.78005218780421,-0.011005652261847637,-0.8914578332096585,0.8999961035656509,27.813307288568467,,,,,,,,,,
,,,,,,241,63.43,4.062017389999999,9599,152,39,,,,
0.6444444444444445,17.94980664417524,0.09945279152775918,8.45348727985953,0.8396952173363087,27.975750430487096,,,,,,,,,,
0.06666666666666667,10.343489495306901,-0.0069504427107681946,-0.36837346367071433,0.407361460767459,9.965441656764597,,,,,,,,,,
0.40476190476190477,13.30066556708003,0.23733885166666888,15.901703061666815,0.2220523407887067,16.33458806318231,,,,,,,,,,
0.07272727272727272,8.870948215781013,-0.11889024569828928,-4.755609827931571,0.685287654062883,6.358965309569612,,,,,,,,,,
,,,,,,247,63.53,3.9499418599999996,9840,156,39,,,,
0.1277533039647577,17.306476335369208,-0.0074218416926237814,-0.6531220689508928,1.3040861131820731,27.967340885661542,,,,,,,,,,
0.03313840155945419,14.53057195727417,0.08815297232687193,5.90624914590042,0.56942659456456,17.757307428400964,,,,,,,,,,
0.2727272727272727,13.80190546370755,0.07688310621763372,3.9210384170993198,0.49803204665471057,12.771864902693778,,,,,,,,,,
0.011235955056179775,11.940926657946601,-0.1372633897598087,-4.25516508255407,0.5463313072906995,6.498348350869492,,,,,,,-0.186341996176634,1.6240072126686573,50,0.000490027416062651
,,,,,,254,62.83,3.6636003500000003,10073,160,39,,,,
0.10638297872340426,11.9827226472689,-0.1642248299308029,-4.598295238062481,0.580712774959495,5.915757916402072,,,,,,,-0.2453498658995765,1.4362690063814323,80,0.0004899977771991711
0.016216216216216217,9.777828700080036,-0.3270340148236673,-8.175850370591682,0.7322135364885338,4.174846134148538,,,,,,,-0.258889931909464,0.9375937509315985,107,0.00048997110299
0.03125,9.477126635796877,-0.31323822111384464,-8.14419374895996,0.6816442478960136,4.23508226982085,,,,,,,-0.15036965751399597,1.8092614822089672,131,0.000489947393192624
0.02127659574468085,13.384704309704334,0.004536882430657363,0.14518023778103561,0.41301956385418803,7.689231322612613,,,,,,,-0.18093906868249177,1.4269084936380387,156,0.0004899226960982991
,,,,,,259,61.73,3.4353487999999994,10180,164,39,,,,
0.05952380952380952,11.862361067368635,-0.11106945109739211,-3.4431529840191555,0.5042133043995185,6.499067466822453,,,,,,,-0.20356031212835543,1.3407666692810674,187,0.0004898920725676001
0.026392961876832845,15.279535774384998,-0.20557970014379418,-7.4008692051765905,0.7575168935754816,9.764093856792897,,,,,,,-0.20474849439924583,0.984818772226572,217,0.0004898624378058999
0.03571428571428571,17.301758755644205,-0.19569058344689264,-8.023313921322599,0.9238717035628905,12.646256140433252,,,,,,,-0.21367578985768237,1.0652235065187727,252,0.000489827865052475
0.04395604395604396,15.020539794419484,-0.2440179986612867,-8.052593955822461,0.5678805957538384,8.762293441221118,,,,,,,-0.2623721867334098,0.8787780940532685,292,0.000489788354831275
,,,,,,264,60.87,3.2163940100000006,10317,168,38,,,,
0.15384615384615385,13.661679350442203,-0.05870260806515476,-1.8784834580849523,0.5176890204118754,7.732260055840015,,,,,,,-0.23665904262452386,1.1229071340058,324,0.000489756747804011
0.032448377581120944,16.340670525188298,-0.14762081509783626,-5.609590973717777,0.4068419803905677,11.101525184698403,,,,,,,-0.2633685682329439,1.0890569768605693,355,0.000489726129470896
0.1206896551724138,14.422217950832158,-0.06618378582075732,-2.117881146264234,0.5460900388301806,8.146175880916417,,,,,,,-0.3143876161728356,0.8067065418974774,392,0.000489689586264275
0.013363028953229399,11.898708031131207,-0.10471254186937037,-3.141376256081111,0.45591729019406235,6.363705906667747,,,,,,,-0.3073189779365015,0.8983880959210857,423,0.000489658970034944
,,,,,,269,59.54,3.0244209099999995,10445,172,38,,,,
0.10344827586206896,13.08719814333889,-0.09383633188195276,-2.9089262883405356,0.5693858315076744,7.16938038635999,,,,,,,-0.3752192341048142,0.7159297671811334,452,0.000489630329914475
0.025157232704402517,10.883775691991236,-0.31719283098504075,-8.247013605611059,0.7914330483663546,4.913568890653551,,,,,,,-0.34528907388448715,0.7581141034762064,482,0.000489600703086875
0.25,16.226381968496458,-0.20621306398049974,-7.423670303297991,0.8557711345272982,10.419559467583895,,,,,,,-0.3546520296856761,0.7356436210870743,507,0.0004895760147500001
0.02284263959390863,14.920899806088308,-0.23545203089557956,-8.476273112240865,1.2567615601736504,9.544827718520537,,,,,,,-0.3266074157186917,0.6999450966715812,542,0.000489541452126275
,,,,,,274,58.68,2.6921801600000004,10570,176,38,,,,
0.08888888888888889,10.457119889699024,-0.2957958820652447,-8.282284697826851,0.8056764918152683,5.087305550463498,,,,,,,-0.3104803089584623,0.7638814445052828,577,0.0004895068907251
0.0070921985815602835,9.696032054626723,-0.30106987323606865,-7.827816704137785,0.6529905518927357,4.357290952466428,,,,,,,-0.3097068906623732,0.390856236771301,604,0.0004894802299080911
0.11904761904761904,10.480944282369721,-0.2877196304397728,-7.768430021873865,0.7484027359873378,4.937959104310721,,,,,,,-0.3490096311084926,0.5379321438074112,629,0.000489455544615116
0.1568627450980392,14.559490113684321,-0.024774633011171887,-0.7927882563575004,0.5058953856326398,8.293212504358962,,,,,,,-0.3656612713463031,0.5867446563564814,655,0.000489429872572096
,,,,,,279,57.03,2.11244801,10679,180,38,,,,
0.02643171806167401,11.924436484095807,-0.22217734957570942,-6.443143137695573,0.775070819608379,6.0948200926650316,,,,,,,-0.39594023145975604,0.44971093150877184,686,0.000489399264479459
0.039568345323741004,15.800675264778354,-0.20941174215934746,-7.957646202055203,1.25584027039695,10.699705212842673,,,,,,,-0.3915455285459757,0.5199014861136675,714,0.000489371619284651
0.22727272727272727,16.464609430206124,-0.198172901980995,-7.13422447131582,0.5547934530562332,10.585987658472732,,,,,,,-0.2685966726291824,0.594798156135791,751,0.000489335089334464
0.02028397565922921,16.252258579672485,-0.22741496396027538,-8.41435366653019,1.09689194493464,10.660431664437056,,,,,,,-0.3468536110528346,0.5281715461186001,786,0.0004893005352336591
,,,,,,284,55.73,1.7815663000000002,10815,184,38,,,,
0.2127659574468085,15.681005745145004,-0.17406036705902844,-6.266173214125024,0.8478048376351317,10.038526371587068,,,,,,,-0.2854916470694459,0.487834182050493,822,0.000489264995148275
0.03,17.40988076815338,-0.19608236194911544,-7.647212116015502,1.0505675188524368,12.149119937326759,,,,,,,-0.34758237791912894,0.4716973202569144,857,0.0004892304435275
0.09375,14.091827854004832,0.11881719987250168,4.158601995537559,0.09407325511969822,8.857921084039845,,,,,,,-0.4048844361187596,0.5004877234367948,895,0.0004891929317234559
0.033112582781456956,15.669788988978832,-0.18390923297769618,-5.885095455286278,0.5105782017403095,8.937267647590488,,,,,,,-0.43804534165674874,0.5377954354181009,929,0.000489159369751916
,,,,,,289,54.13,1.2683894800000002,10953,188,37,,,,
0.09523809523809523,15.042416443732165,-0.12287924337411149,-3.9321357879715677,0.6035819772763351,8.572811254300177,,,,,,,-0.35856844316567144,0.4394322999062077,960,0.0004891287701362909
0.029891304347826088,15.731427120193949,-0.11707467526512569,-4.214688309544525,0.5163777013817752,10.098863066872582,,,,,,,-0.43292300379084003,0.3756018305017102,991,0.000489098171479744
0.03968253968253968,15.876754081899671,0.04501541593289257,1.6205549735841327,0.31822721996755876,10.243746550288051,,,,,,,-0.4905282974243164,0.43798761197498864,1026,0.000489063625762139
0.05625,15.142717516729148,-0.11678014143631109,-4.087304950270888,0.5527402831348096,9.433322358876467,,,,,,,-0.4065030053790126,0.35720336777823314,1061,0.000489029081267084
,,,,,,295,53.63,1.2864385900000002,11088,192,37,,,,
0.2564102564102564,15.803002667914884,0.003874116926364073,0.13559409242274256,0.10409399637744025,9.902360506122932,,,,,,,-0.49447551194359274,0.3719655906452852,1095,0.000488995524928256
0.0335195530726257,17.339974773903556,0.05860045722484919,2.2854178317691183,0.2272974509973647,12.155899675795808,,,,,,,-0.5062756677541662,0.37143948192105575,1129,0.000488961969743116
0.1724137931034483,16.301493449323992,-0.0186541007584357,-0.6902017280621209,0.47776361793843686,10.776724171591923,,,,,,,-0.5174066898854155,0.4066302760651237,1167,0.0004889244682544
0.0446927374301676,14.636812105877263,-0.06242802010497357,-2.184980703674075,0.5853180773165019,9.153442087816074,,,,,,,-0.6315540120833449,0.44839394009775585,1203,0.000488888941857584
,,,,,,300,53.13,1.2331577100000002,11230,196,37,,,,
0.1896551724137931,16.19959622707434,0.010572349120569216,0.40174926658163024,0.27010917873815576,11.009103158023208,,,,,,,-0.47903981519972577,0.4281597260166617,1237,0.0004888553903371
0.016917293233082706,15.186030870915321,-0.07351596165057926,-2.6465746194208535,0.3599674494591585,9.842403799761087,,,,,,,-0.5010902974251155,0.3979537507166734,1274,0.000488818879699211
0.22727272727272727,15.719836351237568,0.05322152156734409,1.809531733289699,0.15534074212797044,9.587310388218611,,,,,,,-0.48915347552725247,0.41435303475175583,1309,0.000488784343866796
0.0325,18.90446080573833,0.0326090398644346,1.4021887141706877,0.43564019378376917,14.645945977652445,,,,,,,-0.5055148992123026,0.43375592024037335,1342,0.000488751782630275
,,,,,,305,51.48,0.9915693600000001,11377,200,37,,,,
0.2222222222222222,15.548759342881798,-0.011869695856776476,-0.41543935498717666,0.18441172877177603,9.694451787509024,,,,,,,-0.5535087751313335,0.41651121172167005,1384,0.000488710342628371
0.0275,16.45201829663327,-0.007440685631949329,-0.2827460540140745,0.2825422956569526,11.151829522568733,,,,,,,-0.5108254914555479,0.4605620560400626,1418,0.000488676797249579
0.2619047619047619,16.76218649998808,-0.030669288245862444,-1.104094376851048,0.19527231460644756,10.81419000448659,,,,,,,-0.6074134528234199,0.392035167764973,1455,0.000488640293295296
0.029801324503311258,15.373905667580944,0.05500178873651652,1.8150590283050452,0.09351363471369303,9.03850856772624,,,,,,,-0.6423555842467716,0.46289369549070086,1490,0.0004886057637852109
,,,,,,310,50.25,0.77957309,11515,204,37,,,,
0.048458149779735685,15.833310111404607,-0.037498535255909925,-1.3499472692127572,0.21229129830126345,10.18064169632271,,,,,,,-0.6368700555758551,0.3999531492590904,1522,0.0004885741950172749
0.09701492537313433,17.820333096672556,-0.010505839221313141,-0.4097277296312125,0.35928869747907993,12.47665579826571,,,,,,,-0.7232731542416981,0.37260024845600126,1557,0.0004885396678475
0.22727272727272727,15.471064310715263,0.04272667954449929,1.4954337840574752,0.13407690571351252,9.69762367149815,,,,,,,-0.6416368453126204,0.4150541816887103,1595,0.0004885021825902559
0.02242152466367713,16.51887996222187,-0.007259379882862355,-0.2613376757830448,0.2550650966144321,10.624153723474592,,,,,,,-0.7535205521785161,0.4333553796305376,1629,0.000488468644371116
,,,,,,315,48.95,0.40516366000000015,11657,208,36,,,,
0.23404255319148937,16.71542537894884,0.034333139050686357,1.2016598667740226,0.15558792397960425,10.454929448664188,,,,,,,-0.6955799217735018,0.39474043548107146,1664,0.000488434120938851
0.04132231404958678,15.81120521843102,0.010285932353900604,0.37029356474042174,0.27887777159935107,10.167571881320328,,,,,,,-0.8383969780715073,0.37699417024850845,1698,0.000488400585061019
0.052083333333333336,10.190742089644386,-0.04658915684506891,-1.2579072348168605,0.12889741038845898,4.843734469497576,,,,,,,-0.8430737454976355,0.45923960038593836,1733,0.000488366064038924
0.004846526655896607,8.284878609746972,-0.286860509892507,-7.171512747312676,0.36035628132764475,3.6664458299055696,,,,,,,-0.8070449301829705,0.3965102921311672,1759,0.000488340420642496
,,,,,,320,47.46,-0.0006261499999999653,11776,212,36,,,,
0.13095238095238096,16.875050125472175,0.028437084160236055,1.08060919808897,0.1694613756244967,11.490430226083845,,,,,,,-0.8955441409101089,0.3841290306299925,1783,0.000488316750413824
0.022222222222222223,16.09731854113618,0.08575720731436642,3.0015022560028246,0.19329149224017442,10.09625748032704,,,,,,,-0.9230213310267474,0.4069303692998113,1820,0.00048828025993753103
0.03571428571428571,15.418755439475147,-0.015327121677955372,-0.5057950153725272,0.22802676132216296,9.05182455969043,,,,,,,-0.7033687098061338,0.43381666304434047,1854,0.00048824672935309096
0.06766917293233082,15.46995275771363,0.10445617666405921,3.551510006578013,0.06508087275236611,9.415893196128309,,,,,,,-0.9357946544187143,0.38600640557706356,1886,0.000488215172209859
,,,,,,325,46.23,0.10360291000000003,11912,216,36,,,,
0.2564102564102564,15.677172796193211,-0.06687916947299484,-2.474529270500809,0.29276062161797717,10.373619120044168,,,,,,,-0.8769348733352892,0.4090676908240174,1919,0.000488182629976256
0.03460207612456748,15.07987888428788,0.059424660002130175,2.079863100074556,0.1235844186831872,9.416666086995974,,,,,,,-1.011913454367055,0.4589056877626313,1955,0.0004881471305972961
0.1896551724137931,16.172079597464574,0.05317397012990805,1.9142629246766898,0.2132808767717807,10.432987275067717,,,,,,,-1.067342724870233,0.395738133612801,1989,0.00048811360459367594
0.014084507042253521,8.826546642503201,-0.19187248484365999,-4.7968121210915,0.23084628294736048,4.071506677777506,,,,,,,-1.0254332172551326,0.4200773205075945,2024,0.00048807909373621105
,,,,,,330,44.96,-0.01115501999999986,12041,220,36,,,,
0.1724137931034483,15.70342396806192,0.024465446337216534,0.8562906218025788,0.17096797906859615,9.812972093292046,,,,,,,-1.0651961068312328,0.3987075773378213,2048,0.00048805542985481905
0.019569471624266144,16.189794902699777,0.03750314458189621,1.3126100603663673,0.16733007732682478,10.152212446322665,,,,,,,-1.14483064150109,0.3686911152566181,2082,0.00048802190700687504
0.22727272727272727,15.740971161319404,0.07026895019965405,2.459413256987892,0.18183755281037378,9.851738342782483,,,,,,,-1.054761265130604,0.44705193402136073,2116,0.00048798838531261896
0.023636363636363636,17.996743946227493,-0.026620956855303923,-1.064838274212157,0.29437303939637965,12.886751885060221,,,,,,,-1.2455854933051502,0.4169346142341109,2150,0.00048795486477205103
,,,,,,335,43.68,-0.08568221999999988,12182,224,36,,,,
0.2222222222222222,15.760392605858057,0.03405290847975257,1.1237459798318348,0.12494015217199854,9.2930888957344,,,,,,,-1.2930710162871923,0.423891625725306,2189,0.000487916416160876
0.05045871559633028,15.888539787839285,0.04452035252484189,1.6917733959439918,0.16222194444979357,10.804878263734281,,,,,,,-1.1815909333527088,0.46994498651474714,2221,0.00048788486971620406
0.2857142857142857,16.60298502239934,0.002914781664543446,0.10784692158810749,0.23538685355742264,11.013778758468106,,,,,,,-1.2827395096018508,0.40978974949669195,2258,0.000487848395413499
0.029239766081871343,15.435504848108321,-0.01924876801336041,-0.6544581124542539,0.1966585742429653,9.392016119440086,,,,,,,-1.3470014019144907,0.4028502028021548,2294,0.000487812908214131
,,,,,,341,41.57,-0.5653345699999999,12320,228,36,,,,
0.05286343612334802,16.425315295615576,0.0064125057479625,0.2500877241705375,0.23426891720766777,11.434874307131395,,,,,,,-1.3395573469725521,0.46148469231345435,2327,0.00048778037941760004
0.029239766081871343,15.818571006918871,0.033421435662464916,1.169750248186272,0.16829993575456265,9.876058836467564,,,,,,,-1.5655964001228935,0.4047400861194259,2365,0.00048774292336183604
0.20454545454545456,15.41519517146998,0.013538829263504958,0.4467813656956636,0.10916315221944416,9.0583893856965,,,,,,,-1.4727072628105389,0.4281513686565792,2399,0.00048770941127033605
0.06666666666666667,15.703122550641588,0.050342582688296486,1.8123329767786736,0.15556483653018194,10.133486000820994,,,,,,,-1.4685898069292307,0.3872857582755387,2431,0.000487677871532224
,,,,,,346,40.18,-0.9351859499999999,12459,232,35,,,,
0.23404255319148937,16.165336712615144,-0.013476842095388849,-0.45821263124322087,0.16535546530150783,9.841581345535815,,,,,,,-1.5090162694454192,0.3902727246284485,2466,0.000487643376113819
0.06741573033707865,17.80499858946154,0.02985730793190209,1.1644350093441815,0.23153435846416465,12.48149843676947,,,,,,,-1.6744912898901738,0.423827456705498,2499,0.00048761085298193604
0.11458333333333333,15.96891398866851,0.07103308783574523,2.486158074251083,0.12328193205031955,10.023901178035885,,,,,,,-1.5988213780679201,0.42529366361467463,2537,0.00048757340344909996
0.01726844583987441,15.997079507284113,-0.023601171194976622,-0.8968445054091116,0.23741029698104943,10.886950982734561,,,,,,,-1.6029421792310827,0.44115491386722117,2571,0.00048753989719390396
,,,,,,351,39.16,-1.0763215399999997,12601,236,35,,,,
0.14285714285714285,16.625734797768807,0.07577435497738967,3.0309741990955867,0.2633635651623253,11.946750452043489,,,,,,,-1.7487977872023712,0.42441012086095037,2608,0.000487503435815299
0.0325,17.145186715752228,0.03124884686479244,1.2187050277269051,0.24782395282539504,12.004110577516258,,,,,,,-1.7553501587647657,0.42641144838088596,2647,0.0004874650050304
0.04365079365079365,16.537268142899904,0.0765090311767429,2.9838522158929734,0.18726259348458993,11.559164053061977,,,,,,,-1.9323544470887435,0.435834459176189,2685,0.00048742756111031605
0.036101083032490974,16.4488262785196,0.03186114721921329,1.1151401526724651,0.1118416858138087,10.30555309401825,,,,,,,-1.9450013104238009,0.3991640374848717,2723,0.00048739011863134404
,,,,,,357,38.29,-1.0444477799999996,12750,240,35,,,,
0.3076923076923077,16.805166032820697,0.045540225964190564,1.776068812603432,0.1677747270626646,11.753297556424513,,,,,,,-2.001147491090438,0.41817474189926596,2757,0.0004873566186875
0.025821596244131457,15.694351228036943,0.08511445378959855,2.979005882635949,0.0981222882652547,9.861973157385364,,,,,,,-2.0065954233470715,0.43439030725704997,2795,0.00048731917893905596
0.22413793103448276,17.29707223288445,0.09716651547014735,4.080993649746189,0.17084975404627997,13.06365142588038,,,,,,,-1.8627483634387745,0.39460206645376544,2829,0.000487285681438316
0.033783783783783786,15.604121442027648,0.06608173433603705,2.3128607017612968,0.1227238907694197,9.760008880635723,,,,,,,-2.0149849667781736,0.44063879803913397,2870,0.00048724528892773105
,,,,,,362,37.83,-0.8684660699999998,12897,244,35,,,,
0.1724137931034483,15.889898839072654,0.14298850989041584,5.004597846164554,0.07740258871416475,9.977274131728336,,,,,,,-2.022894345662173,0.42431951358037834,2904,0.000487211793971891
0.03254437869822485,16.600261259255763,0.10852111809611723,4.015281369556337,0.1965545545224578,11.031707734568045,,,,,,,-2.05027955419877,0.39571914602728453,2938,0.000487178300169739
0.22727272727272727,15.831292874978221,0.10900874693263203,3.597288648776857,0.09498499298169283,9.38299538497813,,,,,,,-2.1830692655510373,0.42127976400984657,2974,0.0004871428374014111
0.027874564459930314,14.211881011156995,-0.0016146128128491219,-0.048438384385473654,0.15130341139469958,7.598889003274962,,,,,,,-2.247556157410145,0.4196197632700205,3006,0.00048711131602649906
,,,,,,367,36.97,-0.90789726,13028,248,35,,,,
0.24444444444444444,15.793468858474329,0.0461379249657829,1.6609652987681844,0.15700187125688064,10.192772329319268,,,,,,,-2.3314661486395476,0.4157931753273668,3035,0.00048708275066321595
0.009137055837563452,15.445915262259025,0.06874159011898634,2.199730883807563,0.05868339330582492,8.841306434362195,,,,,,,-2.170041312490191,0.42233301571437293,3070,0.00048704827634253096
0.7142857142857143,6.36529624095979,0.15210518552843688,40.30787416503578,0.7425392864422047,31.111725718714297,,,,,,,-2.3965177612919963,0.3934824505159932,3101,0.00048701774296516396
0.11320754716981132,11.585899519382988,0.19410780036637496,21.15775023993487,0.6850782688943173,23.180061244871467,,,,,,,-2.9647254794836044,0.37938666264667653,3365,0.00048675775564583604
,,,,,,378,38.67,-0.40128984,13466,252,35,,,,
0.15418502202643172,11.873353527723769,0.334673586312755,50.20103794691325,0.42108231333135415,32.833798294421285,,,,,,,-3.4349943090368202,0.3906500866567647,3473,0.00048665141724484404
0.7088122605363985,14.76218971546959,0.4000880927994043,260.4573484124122,0.7171744865966481,177.4946030980209,,,,,,,-3.7726665775247867,0.35693290619642143,3622,0.000486504728744275
0.6136363636363636,14.803537760406023,0.37775549734643105,38.9088162266824,0.3993769754553117,28.005567794200033,,,,,,,-4.646927405870878,0.33610172993861714,4272,0.00048586507162227504
0.18021201413427562,15.79202120570874,0.3935876372701766,65.72913542411949,0.5537681846121333,48.62146654294338,,,,,,,-5.3106304757735305,0.3391883737024139,4374,0.000485764732933811
,,,,,,401,46.93,3.55900147,14533,256,36,,,,
1.3654390934844192,14.719642083403336,0.47095977269811673,287.2854613458512,0.3195782026391029,249.30516946641728,,,,,,,-5.623801857592111,0.30306539729417087,4540,0.000485601458836411
0.09295774647887324,14.257325771032898,0.295268576917932,35.43222923015184,0.57560035548094,31.515313080279157,,,,,,,-6.556453709531888,0.3295571637662565,5149,0.000485002694801836
1.3071895424836601,16.878638350006213,0.5553816028763389,256.58630052886855,0.24268336215955316,347.25284872495104,,,,,,,-7.269270424081498,0.3370232270294879,5268,0.00048488573816237904
0.9107142857142857,15.6941814954268,0.5789951270910377,199.753318846408,0.19148570099820497,99.99647308944259,,,,,,,-7.997234041416722,0.31526178276719863,5729,0.000484432787460716
,,,,,,433,59.93,11.300401240000001,16066,260,37,,,,
0.32142857142857145,13.469846575112072,0.3268792436046815,34.64919982209624,0.3861414224055573,26.220225053373724,,,,,,,-8.77818580838137,0.34679768455409726,6073,0.00048409493206164403
1.1818181818181819,18.930067400774785,0.5744642050887055,218.2963979337081,0.20417740691208347,329.0200601462275,,,,,,,-9.172971521105085,0.36675408766383216,6178,0.00048399183111925894
0.9325396825396826,17.398046363979955,0.4630149000072176,323.1844002050379,0.5399472049589176,224.19826013292186,,,,,,,-9.732398052014274,0.37873292507942874,6557,0.0004836197773475001
0.21112929623567922,16.729284514123798,0.448499823024195,176.70893027153284,0.5078355705038414,121.67167891585268,,,,,,,-10.790472222195465,0.37045919527453364,7254,0.00048293592604549103
,,,,,,466,74.6,19.03618508,17640,264,37,,,,
0.8205128205128205,14.599823356342446,0.38594849176938695,43.99812806171011,0.34903016695587297,30.573970023542643,,,,,,,-11.872348911586306,0.37089363764260563,7647,0.00048255055363040003
0.30269058295964124,17.364815111635703,0.5383539339015179,225.57029830473599,0.5173403157200958,134.49552253028378,,,,,,,-12.30118770936949,0.3994946661776146,7760,0.000482439775335491
1.4931921331316187,19.53678394416262,0.5285392916730075,543.8669311315247,0.4410191713820465,582.5367902917787,,,,,,,-12.875738584253776,0.4312775206337705,8178,0.000482030104435259
0.42950819672131146,21.040702648330956,0.5726241785827081,380.2224545789182,0.33166995045143155,258.18007587711327,,,,,,,-14.31048673878384,0.4884307160248784,9206,0.00048102333019889906
,,,,,,512,95.45,31.241975129999997,19862,268,38,,,,
0.6724137931034483,18.577572414415716,0.4854230556307915,56.79449750880261,0.36471966152162,40.020471029914916,,,,,,,-15.804636818611064,0.46140487865175417,9869,0.000480374579022956
0.21193415637860083,19.704130426708648,0.43311143578558925,125.1692049420353,0.6046849250003246,105.11122638639063,,,,,,,-16.41312448731784,0.501136336604069,9985,0.000480261117121516
0.7045454545454546,19.063125532526065,0.32836296618703803,30.866118821581573,0.4451203375546701,32.96982059022412,,,,,,,-16.780206706788803,0.5888057916114727,10273,0.000479979476667244
0.11029411764705882,18.889190260429707,0.3876835726718251,35.279205113136086,0.4422522249475947,31.622391282580793,,,,,,,-16.993807772154447,0.5030299607784517,10366,0.000479888547951619
,,,,,,528,100.04,33.85054068,20449,272,38,,,,
0.5555555555555556,17.064642614949037,0.39146137475204656,30.533987230659633,0.42388429869146776,24.455677297199145,,,,,,,-17.32752129236857,0.5166164759132598,10456,0.000479800560638899
0.06015037593984962,18.802882051211117,0.32253857114816975,31.286241401372465,0.6284410776786691,33.60007228073664,,,,,,,-17.331837208240064,0.48610695848217256,10533,0.000479725289021324
0.7142857142857143,18.814830881130487,0.41970269597877574,38.61264803004737,0.3135719924485857,31.784307058434933,,,,,,,-17.36455872654915,0.6460457860181729,10629,0.000479631452175116
0.15463917525773196,22.587356657485063,0.5020276924777598,92.37309541590781,0.29992727663337976,76.71984403766692,,,,,,,-17.481234498076386,0.689643824493492,10720,0.00047954251115613105
,,,,,,539,103.26,36.04988836,20896,276,38,,,,
0.15418502202643172,15.568344756375476,0.4037055349685977,46.426136521388734,0.35995138220677164,32.98916275706142,,,,,,,-17.739319097800333,0.751133881142882,10903,0.000479363676765184
0.256198347107438,14.335813721341498,0.3653274596063486,41.28200293551739,0.37067579175861437,29.79939365084283,,,,,,,-18.100087216025905,0.5895449630262559,11017,0.00047925228862990004
0.6136363636363636,17.221925023908813,0.37398022272820997,31.788318931897848,0.4962506447375475,26.89267511316575,,,,,,,-18.105123707226344,0.5696433162582772,11129,0.00047914286730311605
0.5042194092827004,21.121647480777625,0.5430436796721942,328.54142620167755,0.3842121587529957,236.073326572543,,,,,,,-18.25341044153486,0.601458884420849,11213,0.000479060809523564
,,,,,,558,111.31,40.77740374,21810,280,39,,,,
1.6790123456790123,20.87779185657371,0.4634749389419542,244.25129282240985,0.47532553362088814,320.0660089798039,,,,,,,-18.72633598024482,0.6178012385915052,11817,0.0004784709823739
0.08115942028985507,15.645292389423249,0.3064057327073045,32.17260193426697,0.5515534661967829,30.283421949949116,,,,,,,-19.448854551569138,0.6451951080628674,12343,0.000477957621551104
2.267857142857143,20.045415400564366,0.5945363151160271,664.6916002997183,0.2655896850917345,546.4511249277857,,,,,,,-19.944014145777775,0.5677764432934614,12447,0.00047785615324639997
0.2920892494929006,22.183929154288126,0.48299295585926066,170.496513418319,0.351835399278191,144.7398301733192,,,,,,,-20.58178340737694,0.6566551555558412,13564,0.00047676702519225097
,,,,,,603,130.94,52.19229294000001,23909,284,39,,,,
0.30952380952380953,16.6526022227794,0.42729248536689163,35.465276285452006,0.36345990829285024,25.403624694794416,,,,,,,-21.47518415884538,0.5914637372744355,13916,0.00047642406650021905
0.30357142857142855,18.00051259424076,0.3023600697660677,32.95724760450138,0.6583265828790937,36.06944635976106,,,,,,,-21.547505053078257,0.7321487799650286,13998,0.00047634419047241905
0.8968253968253969,21.017987554697385,0.486590734473809,272.97740203980686,0.4153882915831998,217.67270274995826,,,,,,,-21.62052661401254,0.7493464554901477,14106,0.000476238998138699
0.953125,22.16995607575003,0.5286710252931278,306.100523644721,0.34900415163388426,236.97385848639533,,,,,,,-22.075928653989518,0.6941002283245326,14666,0.00047569374307421903
,,,,,,631,142.84,58.82369830999999,25237,288,39,,,,
1.7833753148614608,20.993505986074585,0.484096260210703,420.1955538628902,0.4185369303382451,445.86035503435414,,,,,,,-22.629577006435724,0.6748857220254555,15244,0.00047513129017833107
0.6926070038910506,23.48372325371205,0.4370858209942108,180.95352989160327,0.44696218216007716,179.57711150089744,,,,,,,-23.22417254596433,0.7184065528463189,16111,0.000474288235989184
1.3663003663003663,21.850154943952237,0.4633436666583571,281.24960566162275,0.4794840058869324,383.02921102102846,,,,,,,-23.798899094071285,0.7761079754869816,16524,0.000473886906493211
0.14805194805194805,17.330073376396875,0.32793204914958035,59.02776884692446,0.7780118521236404,57.67539304145612,,,,,,,-24.179274631412117,0.7590473182130568,17130,0.000473298338907371
,,,,,,676,162.14,68.34337707,27302,292,40,,,,
0.6724137931034483,19.821749269816436,0.45154799001743057,50.121826891934795,0.29512222873939375,40.44471521861851,,,,,,,-24.455154259111627,0.8184021448289882,17309,0.00047312455820279595
0.9891135303265941,21.199210023014633,0.49349691870578255,776.7641500429017,0.5637274463766058,616.515138912946,,,,,,,-24.62082758816806,0.7656663577664983,17419,0.000473017781454256
0.75,15.682232650339683,0.4686858017839022,58.11703942120387,0.2877686359335869,35.79701727395877,,,,,,,-25.17867333496443,0.7850787062138717,18992,0.00047149219498227496
0.9488817891373802,20.353027953720847,0.6226800440788152,486.93579446963344,0.20966797699850484,293.9023806890473,,,,,,,-25.680389667914167,0.727006782118867,19115,0.000471373006556336
,,,,,,726,186.59,82.06803458,29889,296,41,,,,
1.3805970149253732,18.029980390323857,0.5220562139221273,221.351834702982,0.34261451498663215,201.53606431209482,,,,,,,-26.084565664528274,0.7342242409264079,19896,0.00047061656080817896
0.37272727272727274,19.309409098599417,0.5015362882878408,179.54999120704701,0.3710846914351446,127.44459494226612,,,,,,,-26.54315740165981,0.7244739235152026,20319,0.000470207113854656
0.7857142857142857,18.198027301854594,0.4623521182328887,49.0093245326862,0.3225096899258109,35.411786668002605,,,,,,,-26.867227057448957,0.7381283268541181,20676,0.00046986169119293906
0.23125996810207336,18.323664108061905,0.5674076552188182,250.79418360671764,0.21289531725903,149.50279161077924,,,,,,,-26.717591894240606,0.8608788819540114,20781,0.00046976012049892405
,,,,,,755,198.38,89.06505472,31215,300,41,,,,
0.5550660792951542,18.92167982881739,0.5458486030352692,194.86795128359108,0.25924636515641153,124.49563161889091,,,,,,,-27.096751967795583,0.8054547392997612,21222,0.000469333643736275
0.3102310231023102,18.214850575618872,0.34168610766410723,102.50583229923217,0.5716902729013147,100.82350386213511,,,,,,,-27.348340709557693,0.7767821940478314,21578,0.000468989509292459
1.9136690647482015,17.987270374682783,0.47399841748722954,775.4614110091076,0.41135880480283826,574.3526275102049,,,,,,,-27.618228893216237,0.7891443980776746,21877,0.00046870057275310006
6.376093294460642,19.844526667107914,0.5838875593056715,2784.559770328747,0.2519322875954457,2482.400492960296,,,,,,,-28.13926511875351,0.847053772849045,23512,0.000467122179927475
,,,,,,878,267.58,127.63780043000001,38273,304,43,,,,
8.636144578313253,19.893467980487813,0.5829656279458323,3097.296381276207,0.28542097472077,3000.057470271131,,,,,,,-29.855104488414405,0.8290080796089648,28280,0.00046253449244197106
0.6198830409356725,18.573056685560516,0.552373062006005,348.5474021257892,0.33801135032644514,216.77027354203165,,,,,,,-31.724902687302556,0.8093856960164765,33592,0.000457450096460275
3.950266429840142,19.639757164453567,0.5861672128280407,1483.5892156677712,0.2596214440908048,1375.269903208944,,,,,,,-32.623661459059946,0.7774428899326021,34222,0.00045684895814627504
0.662379421221865,19.720243979086586,0.5505867744308794,296.766271418244,0.2822340329020991,196.10714882262982,,,,,,,-33.08319539684552,0.7527002399617976,36752,0.000454438852417475
,,,,,,1075,356.26,179.90469983,47283,308,43,,,,
3.6913043478260867,20.479855553985804,0.5623539174866886,1370.4564969150601,0.28296013975443035,1263.3934223693796,,,,,,,-33.43779608574055,0.7205213920999194,37290,0.0004539271713624111
3.778523489932886,22.15802493414313,0.5901017824481934,1832.8561362840887,0.2726492687612326,1580.5630853218026,,,,,,,-33.70141711493431,0.7763066178521107,39726,0.00045161395550153907
6.002801120448179,21.174225097210652,0.6019843525670299,3484.887417010536,0.2739333398715785,3009.9025241844356,,,,,,,-34.194011591789994,0.7231603940567917,42831,0.00044867404511302403
6.822147651006711,23.117704091421434,0.622536555470034,3452.587736636808,0.21585565184427008,3000.472457424854,,,,,,,-34.60537198105597,0.6911330355206439,48619,0.000443219471905456
,,,,,,1385,523.81,281.38080676000004,64157,312,46,,,,
1.6330578512396694,20.303585932555322,0.5215423072642814,592.9936033594879,0.38711920353342993,456.7247245530598,,,,,,,-34.98026129720015,0.6442268497805212,54164,0.000438025258203851
6.631111111111111,19.939367747122926,0.6758744259183511,4255.981260007857,0.19235596239488773,3000.1746109701926,,,,,,,-35.1409401591395,0.6237495287229687,55300,0.000436964910748651
2.287769784172662,18.238333410689236,0.5870739633235773,218.97858831969432,0.21801732126747236,551.2067282700446,,,,,,,-35.35522244876343,0.5841476873931353,61596,0.000431111545475579
5.5586419753086425,21.971857283683896,0.6762773017827429,3903.472585889992,0.18257588911657202,3000.33141909237,,,,,,,-35.51930127092587,0.6069240508781325,61968,0.0004307669363749791
,,,,,,1651,658.2,371.02411321,77732,316,47,,,,
1.0551948051948052,18.12694449936367,0.5439694774347367,126.2009187648589,0.20898763286579924,128.94962664856575,,,,,,,-35.706351333589076,0.5811346437691031,67739,0.00042543855364817596
7.3149253731343284,20.694163154852536,0.6797589224546312,4108.462927315791,0.20711923958248807,3000.4378570447443,,,,,,,-35.74095834178842,0.6251588290258919,67970,0.00042522596245513105
6.137577002053388,20.547030801938572,0.6819026343690556,4152.787043307549,0.19909423676620638,3000.222961351974,,,,,,,-36.024561888805074,0.5412005253842626,74013,0.00041968345900996395
5.908783783783784,21.94011169486593,0.6714738583968278,3201.587356836075,0.22175617157449445,2632.864036360057,,,,,,,-36.30410568317495,0.5570205523768441,80102,0.000414135627403475
,,,,,,1991,828.21,486.94763771,94862,320,47,,,,
7.557603686635945,21.129840514745982,0.7134256042532102,4154.277293566443,0.16945741513447965,3000.0990356490947,,,,,,,-36.61036801443226,0.5403866018636536,84869,0.00040981812472295603
6.1535087719298245,21.51185265947002,0.7195146533322396,3737.1591094076525,0.17562151976055151,3000.090384382638,,,,,,,-36.887168091459806,0.5223292087702889,90691,0.000404575864660144
0.9285714285714286,18.752095495889314,0.427063680500509,51.247641660061085,0.5841428668041321,41.57935243519023,,,,,,,-37.09584096977988,0.5044140469877564,95884,0.00039992851362537105
0.11244019138755981,20.636922105940947,0.5432061537840694,70.61679999192903,0.3866224759498555,49.42704062873963,,,,,,,-37.27187219186991,0.5411738690708866,96003,0.000399822332855984
,,,,,,2232,939.43,567.0449862500001,106125,324,47,,,,
3.2335958005249346,21.377252297924585,0.6837664707817117,1970.614968792893,0.23501174393256014,1439.979486466851,,,,,,,-37.15482572806898,0.42614836667397227,96132,0.000399707245296875
7.1515748031496065,21.106904782013764,0.6933299309745453,4354.805296451119,0.22689909903598385,3000.1092053435277,,,,,,,-37.21488957535844,0.5170900293705737,99013,0.00039714128370996394
6.727087576374745,20.746751115371293,0.6898151134723561,4245.12220830888,0.2174206423750085,3000.042658314749,,,,,,,-37.33083232952531,0.5128744383336632,105293,0.000391576712036204
9.00900900900901,20.518672541467055,0.673393968071092,3921.1730760779687,0.2055688036092897,3068.774518100021,,,,,,,-37.542614355138426,0.4825490648821468,111446,0.0003861628459297791
,,,,,,2625,1149.41,711.9390879700001,127261,328,48,,,,
7.643340857787811,22.273941854784628,0.7403344837094987,3836.4132945826223,0.1530750471398886,3000.275682856445,,,,,,,-37.720366281072366,0.5101630184677859,117268,0.00038107500769837897
6.812182741116751,22.435135129982164,0.727206220012197,4201.797539230474,0.1749646600584819,3000.3523046490736,,,,,,,-37.8563250078011,0.4895003133127529,122449,0.00037657578479863605
7.002583979328166,20.436437787089794,0.7079998961059774,4064.627403544416,0.1696917566778382,3126.944809589768,,,,,,,-37.97672904385855,0.4792883178060889,128226,0.000371590579488539
7.005347593582887,21.383141752485795,0.7317741016657473,4240.630919153005,0.1558498659201121,3068.6820180621,,,,,,,-38.11501255567065,0.4588282604043077,133966,0.00036667029064681904
,,,,,,3098,1372.94,875.33590321,149753,332,48,,,,
7.32887189292543,22.117960946594803,0.7114016104355388,3358.527002866179,0.1771173390401613,3000.1499391300604,,,,,,,-38.22145311199553,0.4744322289489943,139760,0.00036173706054349095
6.849162011173185,20.632761934998136,0.7261991784462589,4485.732325262541,0.16476883040285714,3000.0410087914206,,,,,,,-38.32457079321651,0.48621525905268675,144480,0.000357743037956771
6.822815533980583,21.364170902736532,0.7368582375055527,4088.0895016808063,0.1583927755916937,3000.362817158457,,,,,,,-38.47152795075135,0.4848293456384053,150656,0.00035255054049929894
6.3428571428571425,21.926190373047266,0.7128660308264662,4362.740108657973,0.17976657803075377,3000.0674650934525,,,,,,,-38.55345594833536,0.4747705305935736,156203,0.000347919326097584
,,,,,,3548,1597.14,1038.26347857,172315,336,48,,,,
7.024390243902439,20.94527309887,0.708493416663698,3706.837555984468,0.19540442075263326,3134.9080970254727,,,,,,,-38.57351673286439,0.46659968735190227,162322,0.000342846167153275
6.686335403726708,20.8189947812065,0.7352112204606066,4455.379995991276,0.15271577664982702,3000.139842041768,,,,,,,-38.65457311202545,0.4824075480192028,167553,0.00033853886047588406
6.6523076923076925,22.880649486422044,0.7414186673727493,4088.9239505607125,0.14392298908897772,3000.222190921544,,,,,,,-38.77091465226139,0.4945015640645595,173612,0.00033358389721647503
7.444723618090452,22.1472307702956,0.7352640171309296,3798.373912498382,0.15632460262875425,3000.1058788681403,,,,,,,-38.90279259195698,0.48588523118985405,179126,0.00032910647008433893
,,,,,,3997,1815.34,1198.67479343,194284,340,48,,,,
7.0017543859649125,21.588554662861753,0.778462239394962,4288.548476826845,0.12346583502873615,3078.0112173152156,,,,,,,-39.00897558236284,0.46608869476966913,184291,0.00032493995805534404
6.775974025974026,21.38618608338306,0.7506448521290324,4070.7470330957426,0.13652689833330442,3000.1034002716187,,,,,,,-39.108999206609454,0.46940495840496316,189799,0.00032052608878873603
6.550675675675675,21.101009992582856,0.775220017496977,4049.749371404208,0.13520768867622066,3000.3627031776123,,,,,,,-39.3341183825992,0.46941653705861286,195221,0.000316210708112204
5.934537246049661,21.853853349684965,0.7454867660575726,4310.4044813448845,0.1513479383568196,3000.36793712317,,,,,,,-39.58308365142781,0.47453650845870554,200444,0.000312081455753531
,,,,,,4433,2033.21,1365.7578171000005,216218,344,48,,,,
6.961538461538462,21.340864500148307,0.7542444003440265,4235.836552332053,0.1326498169307106,3000.162759846018,,,,,,,-39.724172938263884,0.4645568498653063,206225,0.000307542797538476
7.011363636363637,21.026046930031725,0.7430129602162482,4450.647631695327,0.15001132195924616,3200.9297541896813,,,,,,,-39.826930875430016,0.44119874155903543,211840,0.000303166396064611
6.594108019639934,22.116894144680668,0.742748417443682,4001.185724769115,0.1564914756912142,3000.420127565507,,,,,,,-39.89859005031054,0.42492172502679165,217829,0.00029853317297831605
7.008620689655173,21.64835354472864,0.7645774513936011,3891.6992275934294,0.13705188690988254,3028.7363404253265,,,,,,,-40.00292500376568,0.43744075031881213,223215,0.00029439701566073606
,,,,,,4870,2252.69,1531.4257934599998,238297,348,48,,,,
6.519298245614035,21.420672863898503,0.7297545680678353,4220.170667136292,0.17212214151325622,3000.1242506911512,,,,,,,-40.084869278322905,0.42177256202154295,228304,0.00029051553864429104
3.7014652014652016,22.08711665473806,0.7573264139142825,2789.990508860217,0.14261297036171408,1829.455832529813,,,,,,,-40.13661716108873,0.4021904612200374,234086,0.00028613686256225907
7.070559610705596,20.632005176965738,0.7682064710556709,4401.823079148994,0.14365792001385444,3000.334467479028,,,,,,,-40.20883466858855,0.39893540817694984,237769,0.000283365142313356
6.204188481675392,21.865796259648338,0.7611156306323611,4279.7531910457665,0.142263240591132,3000.0436184140854,,,,,,,-40.349338612062894,0.38755517089984914,243498,0.000279080567853419
,,,,,,5305,2456.47,1687.68954294,259113,352,48,,,,
7.002169197396963,21.941937077747713,0.7743396858680505,4740.507556884205,0.1327039703082733,3116.0771327861585,,,,,,,-40.45417415981232,0.3840794881248508,249120,0.0002749078598377311
6.91764705882353,22.250291759315207,0.7459270693251523,4286.84286741165,0.15910446134326509,3000.379285183735,,,,,,,-40.52428916902485,0.41644744961246366,255241,0.000270400656303244
7.550913838120104,22.13165158944269,0.7575248627240746,4102.754656513588,0.1423802295944421,3000.173581437324,,,,,,,-40.578115042352195,0.4187068412741053,260987,0.0002662036100396
8.002415458937199,21.755602130678565,0.7388016256937938,3797.4403560661003,0.16751746599531103,3070.3043614212656,,,,,,,-40.62459861776505,0.39631185821521536,266402,0.0002622784938164751
,,,,,,5792,2670.01,1852.81168069,281534,356,48,,,,
7.869724770642202,22.08969070340704,0.7581935635132278,4189.0194384105835,0.1600950520363451,3000.302966741845,,,,,,,-40.693461914567266,0.4060094005276568,271541,0.00025858050318484406
6.950320512820513,21.661446067111594,0.7665840771986956,4551.209666328656,0.14191144798157984,3000.04895655415,,,,,,,-40.69919931810892,0.42389221308020514,277065,0.000254634861386636
7.376744186046512,21.622576028984195,0.7679502573481832,4043.2581049381847,0.12525646315274996,3000.3760167834116,,,,,,,-40.72820941842791,0.3875748479947187,283001,0.000250428884533964
6.936507936507937,22.452686515194078,0.750237590555225,3626.6485127439573,0.14180348907362078,3000.1669632305857,,,,,,,-40.804756240641815,0.3829331295423232,288265,0.000246728475447436
,,,,,,6214,2870.25,2009.12282614,303091,360,48,,,,
9.005882352941176,22.3171726541352,0.7235488191750596,3854.344559745543,0.15756876946586704,3147.1336061132606,,,,,,,-40.813613455906776,0.39543835499346836,293098,0.00024335539498621897
6.372250423011844,22.043055594368028,0.7482463232707549,3697.8333296040705,0.1417413099070265,3000.012253392604,,,,,,,-40.830459902710004,0.38857189236314416,298424,0.00023966523589861102
7.666666666666667,22.241459957974268,0.7481264934523127,4384.021251630553,0.1335954602428712,3000.2666352920933,,,,,,,-40.90930566283957,0.4089684013146858,303365,0.00023626714084583596
7.204081632653061,22.142086210315885,0.7402629852886764,4124.745354028505,0.15090538744556448,3000.1340565464925,,,,,,,-40.961496052674455,0.3671475337301022,309224,0.00023226928105141102
,,,,,,6640,3071.48,2162.20387321,324788,364,48,,,,
6.003731343283582,22.116601365253075,0.7582542611518232,4217.41020052644,0.1344866057373902,3111.9998605849687,,,,,,,-41.00731103267474,0.37424344496289613,314795,0.00022849971122705596
5.003105590062112,22.323834275648576,0.7595914027806496,4450.446028891826,0.1441256715246352,3036.2804534899187,,,,,,,-41.0276654645964,0.36559856128610096,320356,0.00022476779843869898
7.004255319148936,22.201983190300503,0.758673503614798,3726.604249755888,0.1352589408625461,3031.7381787749473,,,,,,,-41.02017707212584,0.34186903665210455,326214,0.00022086995227765105
5.485564304461942,22.205789066295463,0.7734005482594346,4360.432291086692,0.1270221944091063,3000.058558446588,,,,,,,-41.02274253921338,0.37691524469774773,331125,0.000217628619472076
,,,,,,7073,3268.93,2317.81620106,346755,368,49,,,,
5.775510204081632,22.19622102586264,0.7704656659127358,4395.506624032158,0.13528190743232935,3000.2488380223513,,,,,,,-41.068712871633394,0.3538187485818049,336762,0.00021393778598247505
6.328308207705192,22.111606563064093,0.7757435562913125,4120.749771019452,0.13333999873583205,3000.2573387757875,,,,,,,-41.11700156360321,0.3764669945839725,342466,0.00021023536399381894
6.926605504587156,22.880862093130702,0.7168874165450084,4147.193704712874,0.14852654557925188,3000.3666987866163,,,,,,,-41.13372110472047,0.36293445583527606,347777,0.00020681722707710005
7.002754820936639,22.061914532525034,0.7337409606744085,3939.455217860899,0.1528956008109227,3212.8807481590193,,,,,,,-41.12586702581593,0.334910835929081,353561,0.00020312669194708406
,,,,,,7509,3484.73,2481.36452576,368922,372,49,,,,
6.182448036951501,21.879928677487335,0.7973405693420029,4717.8641487966315,0.10116957408564108,3000.025742544676,,,,,,,-41.14416399513733,0.33960569628004966,358929,0.00019973146159991598
9.0062893081761,21.776693114775338,0.7479702808858884,3852.794916843211,0.13406860861221495,3001.625569412252,,,,,,,-41.17507850680503,0.3334538636639704,364845,0.000196022935595756
2.28978622327791,21.48066670221936,0.7480963296177795,697.2257792037705,0.14647480413940037,630.1380312541733,,,,,,,-41.21632513324034,0.35121351013050495,369995,0.000192823025191856
8.00369003690037,21.236438286608944,0.7680016091150592,4341.51309632743,0.13667613070078377,3175.2901413731743,,,,,,,-41.20449090336883,0.3724803425907833,370926,0.000192247380995939
,,,,,,7858,3656.75,2615.5308072400007,386571,376,49,,,,
7.631687242798354,21.83415350269337,0.7707381411434544,4187.420320832388,0.13205424980598238,3000.2702789765317,,,,,,,-41.204026098717044,0.38068754450857684,376578,0.000188771273882459
5.348341232227488,21.684944756654243,0.7424684642477063,2657.294633542541,0.15709669557329414,2176.9657359183766,,,,,,,-41.2377023296609,0.42483541565029626,382010,0.00018546051565249098
8.825842696629213,21.615091289232062,0.781391719664996,4274.994098287193,0.12007028948633056,3000.1161102639744,,,,,,,-41.263387258923075,0.3376392713842144,385588,0.000183295841452939
6.0594900849858355,21.613897404972167,0.7628817491881303,4291.209839183233,0.13650751461443303,3000.3413028712384,,,,,,,-41.27042897867764,0.38267703384052026,391058,0.00018001121239589896
,,,,,,8260,3848.65,2765.1592565600004,406675,380,49,,,,
8.09142857142857,21.3521004796811,0.7637495690626234,4112.027679833164,0.15448263062975898,3000.1308234978933,,,,,,,-41.26976433926253,0.3990730722401699,396682,0.00017666524325687501
4.131004366812227,21.67266174197399,0.7345546226476672,2386.567968982271,0.1532073791541213,1742.030015829252,,,,,,,-41.27718726449931,0.384915750272352,402065,0.00017349222188663594
1.3263888888888888,21.45289168962573,0.7439636929061811,723.1327095048081,0.14889698110154734,503.22357988380827,,,,,,,-41.303262163265586,0.36205572142894266,405313,0.00017159166974436402
6.35531914893617,21.767678109678897,0.7866984764342408,4259.18555141498,0.11684098573655927,3000.018045704579,,,,,,,-41.32188190024127,0.4193710308564188,406284,0.000171025537823771
,,,,,,8556,3977.81,2868.85299834,421690,384,49,,,,
7.9965753424657535,21.965733556574353,0.7709740842208787,4550.289045071626,0.12005092835351777,3000.1478538964875,,,,,,,-41.32968669604533,0.3780188087409071,411697,0.0001678867855939
6.001788908765653,21.573648291550633,0.7579113983415865,3940.3813599779082,0.13578175098015763,3152.7461412115954,,,,,,,-41.367817811977254,0.38306940041407955,417598,0.00016449837957721895
8.03066037735849,21.903632882225484,0.7638755075428705,3960.6945066097833,0.1357734565560884,3000.028508991003,,,,,,,-41.367517334078315,0.3942576451868495,422796,0.000161542430941979
7.003968253968254,21.85874919879487,0.7611468282856241,4557.747207774317,0.1401454358296973,3104.35663373454,,,,,,,-41.3514508354811,0.3957539691566777,427980,0.000158621300015771
,,,,,,8996,4187.23,3032.46910231,443960,388,49,,,,
9.958466453674122,21.493671355105178,0.7839978098494071,4414.691667262012,0.11625351865964413,3000.215742805158,,,,,,,-41.366939267511654,0.3979457221217161,433967,0.0001552810603184
6.001497005988024,21.723058362147036,0.7999790503995416,4611.079246502958,0.11632141808836102,3096.9949890921707,,,,,,,-41.397796643055564,0.4052952375719539,439597,0.00015217263288190005
6.9643493761140824,21.81299243381617,0.7844090722437579,4369.1585323977315,0.12744777230196053,3000.0024386255536,,,,,,,-41.44720367373391,0.44381004490207804,445360,0.000149023536949891
8.361873990306947,21.792683089233297,0.7676040803203992,4125.871931722146,0.1206849583167226,3000.1874289759435,,,,,,,-41.47325061942628,0.42747848998560556,450929,0.00014601193995191598
,,,,,,9439,4389.94,3198.2632046800004,466296,392,49,,,,
7.384496124031008,21.728472364920428,0.7702405547235815,3892.7957635729813,0.12601199598521515,3000.2193902776344,,,,,,,-41.4943438694297,0.46137805807272164,456303,0.00014313513984838398
7.3979591836734695,21.850456721772353,0.7738821028752446,3836.1335839525873,0.12154410406178891,3000.129849551129,,,,,,,-41.53802949689106,0.42804248054328825,461356,0.00014045646802069898
7.003891050583658,22.05611645068921,0.7515738686592844,4272.697443328032,0.1430507686418097,3059.31804975064,,,,,,,-41.56327289876869,0.42142706377171674,466312,0.000137853970059475
5.893481717011129,22.258561149762134,0.7854292700472026,4549.991761383445,0.12024024095104646,3000.2729897260433,,,,,,,-41.58492925215741,0.418890078687735,471996,0.00013489936266437898
,,,,,,9868,4578.92,3350.0592804300004,487781,396,49,,,,
7.535433070866142,21.780570998888958,0.7939817508373356,4335.93434132269,0.11487712495683762,3000.3264998928644,,,,,,,-41.59191021273808,0.4184493370719501,477788,0.000131921783676539
5.473214285714286,21.965389261000727,0.7919871358314912,4621.244937576751,0.12027042341426848,3000.339679115219,,,,,,,-41.63604930765899,0.4050731610779688,483248,0.000129145537356419
9.002183406113538,22.00589026426257,0.762459802332109,3889.307451696088,0.11801261376673056,3100.8252368071117,,,,,,,-41.66546959169196,0.4385443045222927,489082,0.00012621200195687504
4.361702127659575,21.998911414086056,0.8006181302621096,4828.527943610783,0.11186171424033578,3000.3464935206575,,,,,,,-41.690580531849584,0.4151878995185389,494182,0.00012367537288187496
,,,,,,10305,4789.9,3519.80238387,510205,400,49,,,,
7.455040871934605,21.832773489958477,0.7371778766064098,3699.158584810964,0.18426772795952587,3000.3695375148673,,,,,,,-41.71952267863462,0.4492259877880612,500212,0.00012070967187047499
5.568253968253968,21.835170335094993,0.7810356221667161,4948.641702048313,0.1255811007115414,3000.0755505939014,,,,,,,-41.70612461575954,0.4706242951901044,505229,0.00011826984493271601
6.003937007874016,21.822364035910677,0.7890654449801691,4675.212761507501,0.13454193547507373,3015.0794143093517,,,,,,,-41.74445336213146,0.40450296236500555,511564,0.00011522494442025097
6.490566037735849,21.91765617738168,0.7672832982529819,4326.710518848565,0.1282060189903172,3000.404769781744,,,,,,,-41.793094739327955,0.41993180324325363,517488,0.000112413828475139
,,,,,,10762,4948.46,3657.72639279,533119,404,49,,,,
8.442359249329758,21.464466537247763,0.7669673279611627,4453.779273470472,0.1445965921729243,3000.3690849172417,,,,,,,-41.79589673042636,0.39832759641557564,523126,0.00010977095621233898
7.009615384615385,21.716724625225837,0.7825622638215486,4131.928752977777,0.11741685948616776,3000.105537571595,,,,,,,-41.823463857153385,0.41240236174688644,528932,0.000107082487656875
5.913725490196079,21.504141589196667,0.7806217592833139,4957.728793208326,0.1558788962014219,3000.102462930139,,,,,,,-41.810260673706495,0.42113057320306285,534211,0.00010466724681438397
7.863475177304965,21.676628170209618,0.7823863153885022,4256.181555713452,0.11699677905458435,3000.0165711037116,,,,,,,-41.80278539702648,0.46469970134416905,540561,0.00010179885175108401
,,,,,,11214,5087.1,3783.46025523,555993,408,49,,,,
7.002688172043011,21.804161909168506,0.759239615061873,4265.4081574176025,0.14295630251172606,3119.552227976732,,,,,,,-41.81106624964472,0.4308103419871842,546000,9.937396580845102e-05
5.006535947712418,21.975570582101387,0.7857187968969458,4182.381155882443,0.14444938927064507,3054.934740939876,,,,,,,-41.85829475135253,0.41018836834140154,551617,9.690071025789996e-05
6.003125,21.638275986430124,0.7705809813680705,4667.409004146403,0.13785510488309236,3111.863377111964,,,,,,,-41.906378441043294,0.44584365273072996,556939,9.4586398419376e-05
7.679120879120879,22.05849077785352,0.8009284050875776,4804.769502120378,0.10856117512851855,3000.0226906738244,,,,,,,-41.9164202071559,0.45724128877874487,562995,9.198728482385597e-05
,,,,,,11716,5148.29,3861.25205098,578986,412,49,,,,
6.437923250564334,21.6258012223768,0.7886937343194411,4789.737048521966,0.1239935452916566,3000.434001185291,,,,,,,-41.90402218054517,0.49047795225899987,568993,8.944914130980399e-05
6.428380187416332,21.83498303350889,0.7550262406964399,4006.1692331353097,0.1390465510246835,3000.018597829854,,,,,,,-41.90584072168323,0.4814215566415698,575065,8.691625481863602e-05
7.057441253263708,21.59914420241869,0.7856659215853316,4033.608841419092,0.11931777607170294,3000.244436427951,,,,,,,-41.88352903964719,0.4678760049873428,580370,8.473343341273101e-05
6.0046728971962615,21.982094689098627,0.7748454844040376,4750.577664881154,0.14665429860558815,3059.6586238341406,,,,,,,-41.905421081073285,0.4930043715222314,585503,8.2648119521984e-05
,,,,,,12206,5238.94,3947.3380424899997,601626,416,49,,,,
7.65680473372781,21.458580398305365,0.7790171990612589,4399.110123098929,0.1322187278425113,3000.2118099172367,,,,,,,-41.92412366633703,0.437648643646845,591633,8.019222009412399e-05
7.926356589147287,21.64618871703251,0.7886393596879698,4351.711986758218,0.12855677979312696,3000.2747716493905,,,,,,,-41.9191868998588,0.42579307896324264,597279,7.7963405710016e-05
6.224806201550388,21.741912715394605,0.7876606105737232,4154.122060165816,0.12486408600435597,3000.3009202030953,,,,,,,-41.9342266765219,0.4545621890422765,602796,7.581624690197897e-05
7.92,21.68918037645307,0.7969887467860213,4125.213753364446,0.12104352825033597,3000.0749935014173,,,,,,,-41.91542598551463,0.492341715484298,608069,7.3792441286156e-05
,,,,,,12716,5283.75,4001.74922502,623237,420,49,,,,
7.141025641025641,21.986479671694006,0.7825025662901707,4549.469920411052,0.12896784352914467,3000.205576905282,,,,,,,-41.91395320652764,0.4480224951065105,613244,7.183322872633097e-05
6.205980066445183,22.118031644020558,0.7871443518428376,4201.776550137067,0.1272338308762474,3000.0497102985973,,,,,,,-41.94846469663249,0.36200641239446146,619057,6.96643473475e-05
7.889929742388759,21.77685932210582,0.7690989977585191,3603.228804498662,0.13408040293761359,3000.1335151169915,,,,,,,-41.91906348806163,0.47174133804740365,624394,6.770276001873098e-05
6.002087682672234,22.033228168643937,0.7780997599611658,4039.8939537183724,0.13550808206891524,3053.8061754687224,,,,,,,-41.87673388903819,0.46307144291304453,629078,6.600460177745901e-05
,,,,,,13171,5381.37,4085.55921019,644262,424,48,,,,
6.007936507936508,21.85964640799802,0.8095078045639047,4584.242697245392,0.11740714594989021,3035.8632694398984,,,,,,,-41.85850702960742,0.4567091666869611,634269,6.4148212797356e-05
8.717557251908397,21.631010688175095,0.7659113773644128,4386.374458165992,0.14458358134802782,3000.1566100224154,,,,,,,-41.88462673485048,0.40100549248151457,639931,6.215404968222402e-05
7.030821917808219,21.641872718121917,0.7652883437021778,4034.6001479978813,0.13310917419754606,3000.1064548106515,,,,,,,-41.850338086105914,0.4635483152029754,645657,6.01698843275e-05
5.004237288135593,21.786958548476917,0.7799874633723636,4101.174082411888,0.13324497815957465,3038.118243074161,,,,,,,-41.823856651929994,0.47563695496969804,650928,5.8372309552259e-05
,,,,,,13657,5389.17,4111.705966130001,666178,428,48,,,,
7.2844175491679275,21.72714914899093,0.7584324670149447,3855.112229836964,0.13922637283893943,3000.062729358906,,,,,,,-41.79950839211919,0.4321077534989506,656185,5.660712671431598e-05
5.015625,21.877778787701523,0.7776477154938899,4235.069458579725,0.13929002500714577,3006.6147826528177,,,,,,,-41.718503620998916,0.4966142818988519,661267,5.492692381240001e-05
5.134831460674158,21.888440199410596,0.7773846668884207,4484.732143279299,0.1505503146254523,3000.2950314589543,,,,,,,-41.670823850885675,0.5104614473735662,666712,5.3155308855475e-05
9.532663316582914,21.775241172734372,0.7847383429087833,4720.98587093924,0.12036869279673001,3000.305299993488,,,,,,,-41.687917678928244,0.47153020991547223,672480,5.1310874468771e-05
,,,,,,14139,5387.35,4121.23135696,688488,432,48,,,,
8.007352941176471,21.563600690594043,0.7647445751367963,4092.1482215569968,0.15166961600835527,3184.440820998396,,,,,,,-41.688576173980536,0.4566767490155382,678495,4.942282334585598e-05
8.286764705882353,21.666398743129108,0.7560816057512348,3984.5500623090074,0.14533201098658055,3000.3834753307747,,,,,,,-41.670811741909134,0.44092741034576827,683845,4.7773849951756015e-05
7.084033613445378,22.165627459657106,0.7955553235461553,4213.260993500438,0.11219363667492349,3000.3424580194987,,,,,,,-41.64166781544391,0.4723569983904582,689114,4.617776212705098e-05
7.202508960573477,21.730980353426606,0.7503793955522369,3732.3871134768265,0.16673157348416517,3000.0777756038005,,,,,,,-41.64012196858724,0.4529025189979556,694409,4.460171062439599e-05
,,,,,,14601,5370.6,4118.5046541599995,709375,436,48,,,,
8.038461538461538,21.45682199680608,0.7713085529967934,4313.928736911065,0.131510535082686,3000.343212917098,,,,,,,-41.60021152262378,0.45062209757165894,699382,4.314698242187501e-05
6.005208333333333,21.71134127493597,0.8060888551446431,4306.126664182683,0.11306970876731431,3008.4016613098793,,,,,,,-41.61234930758824,0.49662492675933245,704974,4.154066173341099e-05
8.00632911392405,21.55896735932032,0.8047339821984788,4631.244067552246,0.11480473300916283,3040.9418492116383,,,,,,,-41.6359870637809,0.5065367912011878,710315,4.003557981713601e-05
6.64524765729585,21.861767107066445,0.7564617725090115,3994.8746206200894,0.15761355671028784,2741.0821508651134,,,,,,,-41.66472320636196,0.46429260785448334,716069,3.8445971894156004e-05
,,,,,,15075,5370.58,4130.470886239999,731342,440,48,,,,
7.486363636363636,21.77526464086826,0.7930603881802202,4170.704581439778,0.12867985202660961,3000.3012298126705,,,,,,,-41.65783297148618,0.4995294412809678,721349,3.7016383361035976e-05
6.795,21.946266287115115,0.7721985923850775,3975.278353598379,0.1400812184006218,3000.1669172815746,,,,,,,-41.67585524119728,0.5502716816066222,726607,3.562040043999999e-05
6.803827751196172,21.9555158134059,0.7983301448341842,4469.052150781763,0.11782359678206743,3000.267017712118,,,,,,,-41.672476915055995,0.47614138336153383,731754,3.428061139249097e-05
6.002816901408451,22.015903332553908,0.8210053643838853,4535.2336328565825,0.11152095827047238,3006.214129475178,,,,,,,-41.675835509076165,0.44507265323232237,737351,3.285369211366399e-05
,,,,,,15557,5366.49,4134.77943263,752867,444,48,,,,
6.625352112676056,21.976888995978612,0.7775507261400129,4683.188023541297,0.13680029825431245,3000.3014293606393,,,,,,,-41.683426830230275,0.5109884168628267,742874,3.1476285124811004e-05
7.566901408450704,22.082170976823885,0.7701600243618972,4420.71853983729,0.14621220509034788,3000.0965606060345,,,,,,,-41.67363592430984,0.5215254295499805,748896,3.000912264617899e-05
1.5714285714285714,21.73358854227376,0.7535492411411137,838.7003053900595,0.1349860236727282,564.7504488388076,,,,,,,-41.675672423114634,0.5061629711062697,754635,2.8644589213616e-05
7.957589285714286,22.098543219838138,0.7842344035689032,4248.981998536317,0.13349863012969737,3000.0651077604853,,,,,,,-41.69107409003827,0.6407805765248674,755747,2.838399605240001e-05
,,,,,,15957,5328.6,4110.9016372999995,771157,448,48,,,,
6.636591478696742,22.027236392234347,0.7719920096395846,4347.087006280501,0.1399627660249595,3000.3095413729316,,,,,,,-41.69187333457514,0.5084719473222029,761164,2.713219020585101e-05
8.002369668246445,22.189082812703262,0.7823786733491228,4547.184849505102,0.1149719968459334,3140.887864055345,,,,,,,-41.674733230021666,0.518580794767154,766794,2.5862197641131004e-05
4.946784922394679,22.30408784324125,0.7800914169961464,3649.267648707973,0.13954205156445473,2452.141198731959,,,,,,,-41.67048934453368,0.5225219433129378,772605,2.4584551172395997e-05
5.950381679389313,22.25549278007723,0.7821054555942971,3865.9472670026107,0.13822939339648463,2652.48193139222,,,,,,,-41.69747671062477,0.45657417655424454,777282,2.358071088687501e-05
,,,,,,16413,5331.04,4118.078768759999,792217,452,48,,,,
7.0042194092827,22.19462158997964,0.7863241874036968,4294.902711598992,0.1166206931516873,3022.4550220858073,,,,,,,-41.72446366082025,0.5190379677942676,782224,2.254371376941101e-05
6.812606473594548,22.411909502527184,0.7759748436285018,4358.650696661294,0.12751110835407037,3000.250123751117,,,,,,,-41.69692018708343,0.5136600385023177,787685,2.1426161650315998e-05
7.051764705882353,21.91155057287794,0.7948003872865389,4495.390990492664,0.11628524453036428,3000.0894449937623,,,,,,,-41.65357692764695,0.5538943651546206,793301,2.0307931967564012e-05
3.4952380952380953,22.17347054645396,0.7316389448781953,2123.2162180365226,0.16732825768602488,1626.1303812419064,,,,,,,-41.63795171682019,0.4855963743307441,798956,1.9213741815898995e-05
,,,,,,16880,5303.16,4101.525288530001,811850,456,48,,,,
7.040302267002519,21.9937783163748,0.7881733621228704,4115.053123643506,0.13539611761409773,3000.1446766492445,,,,,,,-41.62808657662288,0.5071873246149251,801857,1.866481082750001e-05
5.640449438202247,22.410139299758526,0.794194629404081,4263.236770641107,0.11439229591717391,3000.003759757499,,,,,,,-41.59723273310168,0.5282081070944838,807077,1.7698229065100007e-05
5.930835734870317,22.006304949973803,0.7606572215459256,3353.737689795986,0.15049159773053897,2386.5429738715757,,,,,,,-41.571928097145815,0.5653437127017189,812444,1.6732780865531e-05
3.54,22.078225832385247,0.7824564114882048,1998.393674940875,0.12376804724732796,1347.7785941609181,,,,,,,-41.555388480911674,0.5157938127451578,816852,1.596134435847499e-05
,,,,,,17268,5263.07,4074.727420199999,829398,460,48,,,,
7.568733153638814,21.964020280569947,0.7867119035729677,4528.313716966002,0.13206540998885297,3000.3855397070292,,,,,,,-41.56409638132528,0.540789309589946,819405,1.5523416159596e-05
6.00327868852459,22.14649744675216,0.8059023879283203,4235.822950951251,0.09998317869930119,3032.684542167932,,,,,,,-41.54992372925441,0.503916336457487,825160,1.4560092171090994e-05
8.00374531835206,22.249500191673462,0.7856170266163716,4074.209900032503,0.12667945983852916,3024.312187917996,,,,,,,-41.55517000221957,0.5441319063546882,830415,1.3709333625535993e-05
7.10968660968661,22.192498788643785,0.7830411805924422,4147.769133598166,0.13164380793959882,3000.3871162818396,,,,,,,-41.582416496166495,0.4881585246514216,835600,1.2896919302850995e-05
,,,,,,17756,5261.01,4083.9794871300005,850889,464,47,,,,
7.100386100386101,22.245063060271306,0.7805223909536103,4157.0622542189285,0.12289997366589471,3000.369415471563,,,,,,,-41.58593435517971,0.4816722558428649,840896,1.2094811070179002e-05
7.002237136465324,22.062018114121738,0.8103227664768818,4135.887400098005,0.11131291413544672,3168.3804929512553,,,,,,,-41.54575718696129,0.5594590607187557,846221,1.1316532484203996e-05
6.682274247491639,22.279917468120047,0.7726027884369973,4484.186584088332,0.13090219868940314,3000.179192240583,,,,,,,-41.557912097312695,0.4795763757771168,851324,1.0597254270011e-05
5.534621578099839,22.41399435130699,0.793958393583637,4813.769740297591,0.1291435722805005,3000.0923630261095,,,,,,,-41.563216593149264,0.5304248765657918,857127,9.8108901056e-06
,,,,,,18234,5264.27,4092.3392643799993,873182,468,47,,,,
8.00189393939394,22.09809943685467,0.7683552412720113,4113.773961770348,0.14061422641157806,3157.4892266206443,,,,,,,-41.54857281339086,0.5111908865929712,863189,9.025319756875999e-06
5.75,22.14442825029754,0.7875326535735941,4372.381292640594,0.12184272910394309,3000.042588156648,,,,,,,-41.52650783887293,0.49726102384516796,868542,8.362119366275005e-06
6.661914460285132,22.113251468357426,0.7783151837928783,4433.283286884235,0.12942938343155028,3000.234407188138,,,,,,,-41.51129024974979,0.5251222713248963,874093,7.704591642603994e-06
6.336314847942755,22.224142658306285,0.7943715108504029,4555.720614727061,0.12699687663044784,3000.338963048649,,,,,,,-41.47658813650719,0.48771293501224927,879788,7.061965752538994e-06
,,,,,,18716,5265.93,4101.06144098,895515,472,47,,,,
10.001862197392924,22.063776730112245,0.782654286818374,4504.958074926561,0.12176267295313994,3046.3722034513485,,,,,,,-41.50919611744237,0.4820248015214539,885522,6.447640497275005e-06
6.64568345323741,22.19736186566922,0.7994300585698287,4198.60666760874,0.12401003162888026,3000.304565585917,,,,,,,-41.48419322022969,0.5110007750791223,891277,5.8640588371e-06
6.635416666666667,22.17407898169136,0.793259999284194,3929.8100364538973,0.13546518931610385,3000.0537956097396,,,,,,,-41.452447297345614,0.5037954945398885,896528,5.360423397058999e-06
9.1010101010101,22.06467308382656,0.7797432567584645,4368.121724360918,0.13270200312634767,3000.227263441542,,,,,,,-41.470005019226626,0.4774109151356513,901481,4.9105894853239985e-06
,,,,,,19169,5305.04,4134.98206482,917075,476,47,,,,
7.401606425702811,22.293883835421447,0.7858844983506784,4332.58123940729,0.1302605988391108,3000.279139779508,,,,,,,-41.472274290581,0.5182017677611079,907082,4.431401256875002e-06
4.870662460567823,22.380391872953528,0.7977778790399633,4398.947225026358,0.11412051909651659,3000.2682422818616,,,,,,,-41.415389525353994,0.4882216981594574,912594,3.9903935119309974e-06
7.886178861788618,22.199536506907062,0.7730105393850835,4382.969758313423,0.13714660981431775,3000.386435765191,,,,,,,-41.39736999575378,0.5084922655770897,918107,3.5796353899999977e-06
6.079545454545454,22.23454398005437,0.7913262528676555,4208.273012750192,0.13337350135689408,3000.1511362600722,,,,,,,-41.36212140438438,0.5317489038604154,923776,3.1888861351390035e-06
,,,,,,19633,5324.11,4154.101655320001,939086,480,47,,,,
6.00354609929078,22.35069553923381,0.7973025188891544,4362.042080842563,0.11806134788943745,3168.208127239952,,,,,,,-41.33140467180443,0.5087436486427241,929093,2.851547182604002e-06
5.43804537521815,22.41439235989772,0.7738956092088519,4162.010586325206,0.14192647492268523,3000.09076071484,,,,,,,-41.331102717816286,0.47955302951186624,934563,2.5339445308640028e-06
8.005,22.134891512289,0.7734305131878315,4160.282730437346,0.12344658909461027,3036.2791405324824,,,,,,,-41.28554756188672,0.5110774937908358,939940,2.250845540010999e-06
5.1629327902240325,22.30037447655458,0.7984514863011268,3826.977973841301,0.10899004627189932,2619.5136686437763,,,,,,,-41.23708040557328,0.5605658896630384,945318,1.9965562537789985e-06
,,,,,,20045,5384.13,4204.4056510499995,960103,484,47,,,,
6.515789473684211,22.563574723984836,0.770096338212629,4143.888395922157,0.15158326047125356,3000.255543497158,,,,,,,-41.23404172824102,0.5138519808000113,950110,1.7942935338909978e-06
8.02892561983471,22.161718771295277,0.7621266907227464,4232.851640274133,0.13236688983270717,3000.1082974660676,,,,,,,-41.21471462958807,0.5065861521198737,955490,1.5945202212110005e-06
6.634204275534442,22.178987852800002,0.7746435429007296,4100.188272573561,0.12461480302599248,3000.38945595338,,,,,,,-41.165035437404114,0.5422474478287416,961043,1.4186177347039996e-06
5.758318739054291,22.485305222680115,0.7916486258839602,4544.063112573932,0.12569556239230362,3000.4114456581883,,,,,,,-41.11175615032424,0.5362178028116984,966335,1.2796214284160008e-06
,,,,,,20480,5381.07,4204.524101440001,982067,488,47,,,,
6.0580204778157,22.172009622006136,0.7782904618775126,4090.6946676282064,0.1471739820581137,3000.132196725812,,,,,,,-41.105147216685204,0.5747049533273414,972074,1.1604746520109997e-06
7.0945273631840795,22.07666381268608,0.7999282066298924,4246.018920791469,0.11034078389974447,3000.3002893952653,,,,,,,-41.07202628704619,0.5290432470537842,977329,1.0802051103159996e-06
6.2272727272727275,22.10682697572892,0.8000283933593979,3834.5360893715942,0.12104131762771082,3000.1036785069155,,,,,,,-41.06323283087495,0.5032509311188496,982636,1.027111488859e-06
6.483673469387755,22.48482064728113,0.7952644010004699,4260.231396159517,0.12534840414181245,3000.3790065546054,,,,,,,-41.06519890627598,0.5699547718003865,987428,1.0033189692589999e-06
,,,,,,20888,5364.81,4193.630553320001,1002777,492,48,,,,
