custom/total_reward,custom/mean_reward,custom/total_distance,custom/routes_completed,custom/avg_speed,custom/avg_center_dev,rollout/ep_len_mean,time/fps,train/std,rollout/ep_rew_mean,time/time_elapsed,time/total_timesteps,time/episodes,train/critic_loss,train/ent_coef_loss,train/actor_loss,train/ent_coef,train/n_updates,train/learning_rate
11.898288789037139,0.16997555412910198,20.811504646320827,0.5384615384615384,16.316304894353372,0.4068427830454376,,,,,,,,,,,,,
-0.4927583014053347,-0.00879925538223812,11.710628092288971,0.05084745762711865,11.49218186640025,0.743770495809264,,,,,,,,,,,,,
-5.020983717868451,-0.11157741595263225,8.329169606091455,0.13793103448275862,10.244830287147623,0.7904134347409314,,,,,,,,,,,,,
-2.8406169338531777,-0.04508915768020917,15.493278102017939,0.3018867924528302,13.488122689849135,0.9544786938445013,,,,,,,,,,,,,
,,,,,,57.5,32,0.04978706315159798,0.8859824999999999,6,230,4,,,,,,
4.812417646804233,0.05661667819769686,28.03462802269496,0.4827586206896552,17.96362402435279,0.8460385459021127,,,,,,,,,,,,,
-0.5720551737872857,-0.011441103475745713,9.368614936131053,0.02284263959390863,10.293114922116052,0.5492837874270762,,,,,,,,,,,,,
17.54406422135624,0.24709949607544002,16.937467808369547,0.38636363636363635,13.047402536456495,0.26431441235180664,,,,,,,,,,,,,
5.062667273708817,0.07031482324595578,23.384571981732734,0.05176470588235294,17.742438223459587,0.6208948613391946,,,,,,,,,,,,,
,,,,,,63.0,37,0.04978706315159798,3.7898334999999994,13,504,8,,,,,,
7.205408141947455,0.11258450221792898,17.900183546822518,0.37777777777777777,15.388117282686233,0.45960435417238876,,,,,,,,,,,,,
1.067143144556404,0.02013477631238498,9.68553245253861,0.024725274725274724,10.085924391018386,0.529383798979576,,,,,,,,,,,,,
6.234962818081264,0.08907089740116092,23.05329776625149,0.5714285714285714,18.047746972824267,0.6449133397630133,,,,,,,,,,,,,
-1.4210355837175257,-0.02186208590334655,17.47848858591169,0.04433497536945813,14.75090990367506,0.9227622434685141,,,,,,,,,,,,,
,,,,,,62.666666666666664,37,0.04978706315159798,3.6140806666666663,19,752,12,,,,,,
12.812494722431904,0.1731418205734041,22.024177483981475,0.09691629955947137,16.274238942806573,0.503011539938488,,,,,,,,,,,,,
-5.633964431716472,-0.1341420102789636,6.559127109008841,0.008797653958944282,8.671430135600486,0.6356245819680366,,,,,,,,,,,,,
8.352867557414982,0.15468273254472187,13.58307479787618,0.3181818181818182,13.759127039738845,0.23781170543338967,,,,,,,,,,,,,
5.843093782803312,0.08853172398186836,16.231284404406324,0.04292929292929293,13.485953485563233,0.6222419380369559,,,,,,,,,,,,,
,,,,,,61.5,38,0.04978706315159798,4.03968275,25,984,16,,,,,,
20.85774513693251,0.18961586488120466,38.83672380819917,0.851063829787234,19.224852016791143,0.5816690049302162,,,,,,,,,,,,,
2.979054518664311,0.05516767627156132,11.432093026582152,0.2619047619047619,11.63732925577371,0.5896803191092177,,,,,,,,,,,,,
0.20290703596763215,0.005072675899190804,5.444509412162006,0.0625,7.512341155559119,0.12492321242577036,,,,,,,,,,,,,
0.6826420328425087,0.01241167332440925,9.385157480370253,0.04736842105263158,9.372845097473666,0.38959701686282366,,,,,,,,,,,,,
,,,,,,61.95,38,0.04978706315159798,4.466097400000001,31,1239,20,,,,,,
10.382462504592528,0.11665688207407335,27.183474119985476,0.3333333333333333,16.670814411477334,0.4863187481940288,,,,,,,,,,,,,
18.58256048881792,0.17867846623863384,32.935885046143085,0.09771986970684039,17.270755800873093,0.7244134260562335,,,,,,,,,,,,,
3.6122670520336584,0.054731318970206944,14.882704980904236,0.05555555555555555,12.33320280891925,0.5927305434790537,,,,,,,,,,,,,
6.305298963761867,0.13415529710131632,9.938885289477184,0.019569471624266144,11.701591577395233,0.3984491646090638,,,,,,,,,,,,,
,,,,,,64.20833333333333,39,0.04978706315159798,5.340376375000001,39,1541,24,,,,,,
-4.292353148881379,-0.08942402393502873,8.94733358034864,0.23076923076923078,10.26928188275857,0.8419545357986742,,,,,,,,,,,,,
7.864220422535247,0.10772904688404449,16.00384717725683,0.0425531914893617,11.969079453603744,0.48297732836808116,,,,,,,,,,,,,
-2.938210366388682,-0.0534220066616124,10.219274800037965,0.1724137931034483,10.253075970000902,0.7543121863195796,,,,,,,,,,,,,
-3.8905088715145535,-0.0793981402349909,10.043759737862274,0.029850746268656716,11.297980876725873,0.8126070658813934,,,,,,,,,,,,,
,,,,,,62.92857142857143,39,0.04978706315159798,4.458562892857143,45,1762,28,,,,,,
9.16633853366216,0.1410205928255717,17.62066073040478,0.3103448275862069,14.85429247210909,0.619920959715195,,,,,,,,,,,,,
0.22118730713175516,0.0038135742608923304,12.34120971779339,0.10714285714285714,11.636525142496426,0.6342818541308757,,,,,,,,,,,,,
-3.365385440924703,-0.07316055306358049,10.18800408160314,0.22727272727272727,12.202570534762286,0.7532011700747582,,,,,,,,,,,,,
-5.234928647554319,-0.08724881079257198,15.78906069160439,0.0234375,14.464253807190238,1.0612880251229835,,,,,,,,,,,,,
,,,,,,62.09375,39,0.04978706315159798,3.92360825,50,1987,32,,,,,,
-1.064799226506084,-0.02129598453012168,10.464070482412353,0.2222222222222222,11.51525513616409,0.6794554609451137,,,,,,,,,,,,,
4.0516034297600445,0.04552363404224769,33.55748854554258,0.054009819967266774,20.52737522981804,1.1950668059147036,,,,,,,,,,,,,
8.833293725032231,0.09925049129249698,27.399995318846777,0.6666666666666666,16.83882176175248,0.7296713079505398,,,,,,,,,,,,,
7.178429632096979,0.10876408533480271,17.423029102617875,0.2361111111111111,14.469057542182577,0.5091616160649073,,,,,,,,,,,,,
,,,,,,63.25,39,0.04978706315159798,4.013404166666666,57,2277,36,,,,,,
2.6856124247583573,0.03949430036409349,15.997644824208692,0.07048458149779736,12.950373892806338,0.46365530717968945,,,,,,,,,,,,,
4.452318806322921,0.07546303061564273,13.847688154084608,0.03350515463917526,12.882772969014765,0.6183947048000525,,,,,,,,,,,,,
1.7226548281840923,0.03190101533674245,9.506666338304058,0.20454545454545456,9.714185263654903,0.4941639736880938,,,,,,,,,,,,,
-4.009576227643873,-0.08182808627844639,9.43434732616879,0.033582089552238806,10.6062951496477,0.8000552483383211,,,,,,,,,,,,,
,,,,,,62.575,39,0.04978706315159798,3.73153005,63,2503,40,,,,,,
16.22441868997703,0.2385943924996622,18.167396921897307,0.3829787234042553,14.663228067262786,0.42254962709507926,,,,,,,,,,,,,
9.433791678165392,0.15215793029299018,14.184811709448695,0.06060606060606061,12.529330877237326,0.509038210801142,,,,,,,,,,,,,
8.09495522505133,0.0963685145839444,29.649060599971563,0.3125,19.064014558784713,0.8421956231702016,,,,,,,,,,,,,
24.78460446853154,0.2753844940947949,28.527695673750713,0.18238993710691823,17.108579935014664,0.2735948082140054,,,,,,,,,,,,,
,,,,,,63.70454545454545,39,0.04978706315159798,4.720293000000001,71,2803,44,,,,,,
-0.2687871206676675,-0.00527033569936603,10.690284194424748,0.11904761904761904,11.556378497787879,0.6022318348052517,,,,,,,,,,,,,
17.954863211937955,0.1851016825972985,30.183968420140445,0.16184971098265896,16.93168221748355,0.49354563199778495,,,,,,,,,,,,,
3.4290825447239346,0.04453353954186928,24.02210032066796,0.09523809523809523,17.05332837528433,0.9904512734852965,,,,,,,,,,,,,
19.75406433051964,0.2219557789946027,30.51492378511466,0.07524271844660194,18.704959425127395,0.3173553525568331,,,,,,,,,,,,,
,,,,,,64.85416666666667,39,0.04978706315159798,5.176143416666666,78,3113,48,,,,,,
14.5425859785779,0.15807158672367283,26.03280057758093,0.6666666666666666,15.465234841726978,0.5257481432920084,,,,,,,,,,,,,
7.823341405457018,0.14487669269364847,12.203008539509028,0.027777777777777776,12.202536781238436,0.26691943373063176,,,,,,,,,,,,,
4.958249597755687,0.09181943699547569,12.343868099851534,0.20689655172413793,12.549958254309107,0.5645318777183244,,,,,,,,,,,,,
-1.377815636182362,-0.02931522630175238,10.57386098545976,0.025056947608200455,12.385625463502512,0.6895945074464583,,,,,,,,,,,,,
,,,,,,64.53846153846153,39,0.04978706315159798,5.275574,84,3356,52,,,,,,
14.09242499673067,0.18301850645104767,19.54774264083244,0.3275862068965517,13.918064755776548,0.4310103017385963,,,,,,,,,,,,,
-3.9914335292643983,-0.09503413164915234,7.322716370923445,0.024822695035460994,9.564555623709888,0.5215993694794887,,,,,,,,,,,,,
21.987526501920954,0.2134711310866112,34.47984987357631,0.7272727272727273,18.23133251632272,0.42570628035690994,,,,,,,,,,,,,
-1.0112879022452574,-0.016052188924527897,13.148805446922779,0.024344569288389514,11.467552725679345,0.7999844230185741,,,,,,,,,,,,,
,,,,,,64.94642857142857,39,0.04978706315159798,5.453063357142857,91,3637,56,,,,,,
-3.8694520614720274,-0.08061358461400057,8.342828848399222,0.17777777777777778,9.606032181094877,0.7316863196076441,,,,,,,,,,,,,
0.022826785800502236,0.0004150324691000407,13.67619811440818,0.027237354085603113,13.43788809240657,0.6041826643414314,,,,,,,,,,,,,
9.16880805166221,0.14326262580722204,15.970309164840728,0.38095238095238093,13.603721390834172,0.49679150936002797,,,,,,,,,,,,,
2.2992005533868376,0.045082363791898776,11.239399626851082,0.019064124783362217,12.15801558113135,0.5672141281115062,,,,,,,,,,,,,
,,,,,,64.18333333333334,39,0.04978706315159798,5.215328933333334,96,3851,60,,,,,,
-4.120760873029577,-0.07104760125913065,12.702412436483428,0.05726872246696035,12.028621153319193,0.8334314945025113,,,,,,,,,,,,,
-0.3778216810505963,-0.007265801558665314,13.378514304058626,0.036827195467422094,14.124708659514978,0.741656658058709,,,,,,,,,,,,,
0.33416488000376,0.006552252549093333,9.968055590987206,0.22727272727272727,10.788537674304667,0.5488697008973159,,,,,,,,,,,,,
3.4660863325183175,0.05023313525388866,19.716167151229456,0.05830903790087463,15.650317681904033,0.7193454370120506,,,,,,,,,,,,,
,,,,,,63.703125,39,0.04978706315159798,4.876175281249999,102,4077,64,,,,,,
1.3822854731529794,0.026582412945249604,9.292414631927386,0.19148936170212766,9.891612544145168,0.4700314232205063,,,,,,,,,,,,,
21.969024165102667,0.21124061697214103,37.20839418983087,0.125,19.483714369573015,0.5480488847243886,,,,,,,,,,,,,
0.3365315857233835,0.004054597418354018,25.79401050088927,0.28125,16.884116376608013,0.6529718552757009,,,,,,,,,,,,,
1.432086482165575,0.027540124657030287,10.38335724058561,0.04048582995951417,11.018574380236958,0.5484946480110866,,,,,,,,,,,,,
,,,,,,64.17647058823529,39,0.04978706315159798,4.957683955882352,109,4364,68,,,,,,
12.695950930830321,0.18670516074750473,21.668489459436387,0.2619047619047619,17.39207535136481,0.5548216791275528,,,,,,,,,,,,,
3.947926385154748,0.07049868544919193,11.75575332972221,0.030927835051546393,11.478172246485268,0.5065823503180348,,,,,,,,,,,,,
0.7673082381167866,0.011283944678188038,17.906502367928624,0.07142857142857142,14.44339897921437,0.8780867007057547,,,,,,,,,,,,,
11.609113756160323,0.1365778088960038,26.80787919810973,0.07428571428571429,17.20506597097442,0.6763243640752922,,,,,,,,,,,,,
,,,,,,64.40277777777777,39,0.04978706315159798,5.0838102916666665,116,4637,72,,,,,,
7.254191444260954,0.12295239736035515,13.034071888308972,0.3333333333333333,12.11222970499173,0.4821596520945768,,,,,,,,,,,,,
-0.9011980334742482,-0.018023960669484963,10.6006260716822,0.05392156862745098,11.697724075360263,0.6423033470954949,,,,,,,,,,,,,
9.175714248341102,0.13902597345971365,18.040370140923187,0.3103448275862069,14.947157455148746,0.6428627370403838,,,,,,,,,,,,,
4.0886761091823125,0.045940181002048455,25.366040878929198,0.038461538461538464,15.536418917735139,0.9422655295470653,,,,,,,,,,,,,
,,,,,,64.4342105263158,39,0.04978706315159798,5.072964197368421,122,4897,76,,,,,,
7.0465534342151095,0.07917475768781022,29.40248991502449,0.5,18.04205715263396,0.852267957066394,,,,,,,,,,,,,
5.4092518172328,0.06934938227221539,24.349155625794083,0.0728862973760933,17.064511611709833,0.5347885460862167,,,,,,,,,,,,,
4.633292498629871,0.09455698976795654,10.511262086336501,0.25,11.685732526306836,0.35034261942665446,,,,,,,,,,,,,
0.8279936481687873,0.012937400752637301,13.71295367158018,0.037037037037037035,11.7668545390606,0.6391470921945679,,,,,,,,,,,,,
,,,,,,64.6625,40,0.04978706315159798,5.0428273875,129,5173,80,,,,,,
7.433388103704303,0.12598962887634413,12.679431215627119,0.28888888888888886,11.682267449642659,0.3363725060760969,,,,,,,,,,,,,
-2.252804489921929,-0.020859300832610454,37.322771922452375,0.10364145658263306,18.86214184594792,0.9355475162553626,,,,,,,,,,,,,
7.341598355963647,0.11294766701482534,16.43292706971988,0.40476190476190477,13.78834145821954,0.39559720228924455,,,,,,,,,,,,,
13.193809045821862,0.15522128289202192,22.558809340465814,0.09502262443438914,14.500899795654055,0.45581684259943184,,,,,,,,,,,,,
,,,,,,65.30952380952381,40,0.04978706315159798,5.108404809523809,136,5486,84,,,,,,
4.122874744561006,0.06987923295866112,15.404767779400572,0.07048458149779736,14.3060250993897,0.694716174241558,,,,,,,,,,,,,
5.948527071669696,0.06328220289010315,30.547741380752996,0.0946372239747634,17.70353750172219,0.7243889363060837,,,,,,,,,,,,,
-4.238150204462673,-0.08649286131556475,9.06272620166419,0.20454545454545456,10.198492499973234,0.7376495621839814,,,,,,,,,,,,,
1.5644634193891065,0.02897154480350197,11.76415724423714,0.02023608768971332,12.039813381393948,0.6080531341119383,,,,,,,,,,,,,
,,,,,,65.20454545454545,40,0.04978706315159798,4.959017272727272,142,5738,88,,,,,,
7.263621640162327,0.10526987884293228,17.880618094000965,0.3829787234042553,14.186636096057976,0.6553287126472378,,,,,,,,,,,,,
4.052991252192742,0.06433319447924987,14.425568745704368,0.03282275711159737,12.539383297618686,0.6795800066172341,,,,,,,,,,,,,
6.735282264320656,0.1295246589292434,10.429513243958354,0.11458333333333333,11.033023390165255,0.20825942574073503,,,,,,,,,,,,,
4.313566645973092,0.05135198388063204,22.58907453797292,0.08778625954198473,14.691455185992615,0.7038592687668005,,,,,,,,,,,,,
,,,,,,65.23913043478261,40,0.04978706315159798,4.985341489130434,149,6002,92,,,,,,
3.1049316060926486,0.06209863212185297,10.773738346295431,0.13095238095238096,11.85114144889946,0.3819368913335278,,,,,,,,,,,,,
11.362439750186077,0.15149919666914768,19.728285521501675,0.05322128851540616,14.39954416382305,0.47569935407495034,,,,,,,,,,,,,
-1.6699121919085194,-0.03211369599824076,10.512214717222378,0.03968253968253968,11.14672214666531,0.6429982796122395,,,,,,,,,,,,,
1.5924669730705432,0.03461884724066398,9.335781937697902,0.02318840579710145,11.277001397966044,0.5126756209403203,,,,,,,,,,,,,
,,,,,,64.80208333333333,40,0.04978706315159798,4.926760270833333,155,6221,96,,,,,,
0.10316421005174803,0.0011857955178361842,27.25686652259901,0.6923076923076923,17.07829269248219,1.3195862141976207,,,,,,,,,,,,,
5.847536961033761,0.09586126165629116,11.87762933387421,0.0326975476839237,10.667156966365305,0.42512978793618533,,,,,,,,,,,,,
2.7455151512379263,0.042238694634429634,13.84335099463351,0.2413793103448276,11.691910041695834,0.6266681081980734,,,,,,,,,,,,,
-2.100644003226372,-0.04287028578013004,10.540525834541768,0.01451378809869376,11.867827354451702,0.6904065661816238,,,,,,,,,,,,,
,,,,,,64.79,40,0.04978706315159798,4.79492201,161,6479,100,,,,,,
6.0794838563765765,0.07414004702898264,22.589496163651347,0.39655172413793105,15.05420213721224,0.8012474978549301,,,,,,,,,,,,,
7.536686792031965,0.1046762054448884,20.16293754801154,0.06389776357827476,15.292270875815783,0.43949317625856654,,,,,,,,,,,,,
21.944078825302192,0.2334476470776829,31.702556434844155,0.6818181818181818,18.391439827682852,0.43183626280620024,,,,,,,,,,,,,
7.7348561007897665,0.0909983070681149,27.95030811894685,0.28865979381443296,17.938111034780242,0.6960872561998821,,,,,,,,,,,,,
,,,,,,65.78,40,0.04978706315159798,5.19171696,168,6808,104,,,,,,
-4.550950089425358,-0.0771347472783959,12.594074567314237,0.28888888888888886,11.674032769800625,0.8392214019006519,,,,,,,,,,,,,
10.078671413284358,0.1460677016418023,19.833410074934363,0.05181347150259067,15.738474111355075,0.6300921297220701,,,,,,,,,,,,,
0.09876600812735603,0.0016191148873337055,15.96504756133072,0.40476190476190477,14.248956515015845,0.7002271963751809,,,,,,,,,,,,,
8.442317612230273,0.1481108353022855,12.370267033344135,0.04918032786885246,11.706061985569894,0.2846247005633132,,,,,,,,,,,,,
,,,,,,65.46,40,0.04978706315159798,5.06355477,174,7050,108,,,,,,
21.402867002404694,0.2161905757818656,33.46721475291997,0.15859030837004406,18.418568467636643,0.4840442832112126,,,,,,,,,,,,,
20.00485850862178,0.23535127657202093,28.96129663544707,0.7692307692307693,18.573125426262138,0.30385209378273303,,,,,,,,,,,,,
-1.7467475127349932,-0.02729292988648427,15.116524926619604,0.3409090909090909,12.946791396144231,0.7964623370512247,,,,,,,,,,,,,
5.146988739197088,0.09358161343994706,12.851560103124939,0.03504043126684636,12.858970349930255,0.3767537732904664,,,,,,,,,,,,,
,,,,,,65.97,40,0.04978706315159798,5.37968491,181,7349,112,,,,,,
1.44000232757028,0.027169855237175095,12.585657089948654,0.2765957446808511,12.990704718373532,0.5897900047444455,,,,,,,,,,,,,
16.091922073349565,0.22988460104785094,16.52190060960129,0.031936127744510975,12.885665633874652,0.16220757142161946,,,,,,,,,,,,,
6.399588849312956,0.12306901633294146,8.545688968966715,0.09375,8.873614523074785,0.10957540043583403,,,,,,,,,,,,,
-3.488611311079219,-0.07928662070634589,10.057377705117688,0.05084745762711865,12.641913061105724,0.7124878765758412,,,,,,,,,,,,,
,,,,,,65.8,40,0.04978706315159798,5.371092580000002,187,7564,116,,,,,,
-4.8150367968945,-0.10700081770876667,8.130537865217775,0.09523809523809523,10.008863823449577,0.771030872260198,,,,,,,,,,,,,
0.005481155209903221,0.00011915554804137437,10.009848414221779,0.031055900621118012,12.034966572895085,0.6553305495021532,,,,,,,,,,,,,
4.6453093083181525,0.05596758202792955,23.032362958649173,0.09126984126984126,15.179440438857863,0.8034186411339044,,,,,,,,,,,,,
5.058929512874272,0.04727971507359133,35.736675885738805,0.10703363914373089,18.189867780598586,1.070858471341542,,,,,,,,,,,,,
,,,,,,66.02,40,0.04978706315159798,5.17281344,194,7841,120,,,,,,
8.462968208753939,0.12265171317034694,17.69724330957979,0.46153846153846156,14.039303900216419,0.6223028100853114,,,,,,,,,,,,,
-2.7213865893477314,-0.03887695127639616,19.53235105588101,0.07342657342657342,15.280153031222056,0.8501003783283212,,,,,,,,,,,,,
1.6811967786388067,0.03056721415706921,11.63623033114709,0.20689655172413793,11.608414478613431,0.665249916119333,,,,,,,,,,,,,
-2.3681805227157398,-0.05148218527642912,8.794914711033925,0.018823529411764704,10.561103246813659,0.653836719910113,,,,,,,,,,,,,
,,,,,,65.36,40,0.04978706315159798,4.83382429,200,8077,124,,,,,,
0.5643630110371909,0.008062328729102727,19.611324582016096,0.3448275862068966,15.330742414418637,0.9451688086246837,,,,,,,,,,,,,
4.916847631273777,0.07804520049640916,16.852809915551916,0.07657657657657657,14.640687952282615,0.7168598725715377,,,,,,,,,,,,,
-0.9351844476032802,-0.018336949953005496,10.437551027163863,0.25,11.226690760967967,0.46507912755830977,,,,,,,,,,,,,
7.9773566775360685,0.14772882736177906,8.991161898942664,0.08411214953271028,9.132725873609802,0.09077124064771133,,,,,,,,,,,,,
,,,,,,65.49,40,0.04978706315159798,4.99164513,206,8311,128,,,,,,
2.3257354656118068,0.043881801237958616,12.747111601755023,0.28888888888888886,13.195985237683605,0.6825675612275276,,,,,,,,,,,,,
13.07580167035195,0.14691911989159495,27.471281331265345,0.18840579710144928,16.84991243145069,0.5404482980123166,,,,,,,,,,,,,
-5.788092636209441,-0.12315090715339237,10.071899157948792,0.23809523809523808,11.835261601289618,0.9332022298492082,,,,,,,,,,,,,
2.1258595895738637,0.03865199253770661,11.43967432458885,0.0192,11.454214631957884,0.6059108112074514,,,,,,,,,,,,,
,,,,,,65.64,40,0.04978706315159798,5.10113285,212,8551,132,,,,,,
13.235230124166392,0.17188610550865444,20.432615989353508,0.09251101321585903,14.483039305546942,0.7144375206226833,,,,,,,,,,,,,
0.01942427894083565,0.00044146088501899203,7.523595553357154,0.014799154334038054,9.279588180374002,0.3000567778186532,,,,,,,,,,,,,
0.9230741774172202,0.013777226528615226,15.851452026283368,0.36363636363636365,12.986686073698817,0.7481082877415923,,,,,,,,,,,,,
2.256998674790898,0.030917790065628743,22.906879199901596,0.14935064935064934,17.15587337511227,0.6796479546311,,,,,,,,,,,,,
,,,,,,65.31,40,0.04978706315159798,5.07584747,218,8808,136,,,,,,
11.664232020113296,0.16428495802976473,19.574653417337686,0.425531914893617,15.095098580583262,0.5997838892777044,,,,,,,,,,,,,
4.669744581160716,0.0741229298596939,19.02220529410988,0.04714640198511166,16.569222861966043,0.5455741405951917,,,,,,,,,,,,,
10.001670235474037,0.15627609742928184,14.134200143162161,0.14583333333333334,12.128073459968574,0.4215767035134153,,,,,,,,,,,,,
13.889675730536243,0.2170261832896288,14.680541932815686,0.03368421052631579,12.572947796391585,0.3549001666668216,,,,,,,,,,,,,
,,,,,,65.63,40,0.04978706315159798,5.429960940000001,225,9066,140,,,,,,
0.46555907229713966,0.007632115939297372,15.736921162344515,0.19047619047619047,14.15113948533503,0.9357398470490699,,,,,,,,,,,,,
-0.3876056561506509,-0.0065695873923839136,12.376904839649796,0.041666666666666664,11.497500937342208,0.7659167264817767,,,,,,,,,,,,,
-5.704526765850759,-0.11185346599707371,9.085575884440914,0.031746031746031744,9.866103994791844,0.8348245836317436,,,,,,,,,,,,,
6.147033268739602,0.0740606417920434,26.900804133852944,0.059734513274336286,17.698754395236087,0.8241320235654693,,,,,,,,,,,,,
,,,,,,65.13,40,0.04978706315159798,4.85012666,231,9316,144,,,,,,
10.35098309985976,0.11374706703142594,31.082798933028243,0.8205128205128205,18.6413399776147,0.4843632163458587,,,,,,,,,,,,,
-3.352447791303857,-0.07132867641072035,8.460206011775881,0.05517241379310345,9.976578799577773,0.648187899839873,,,,,,,,,,,,,
8.042691455411358,0.1165607457305994,13.896907347720116,0.2413793103448276,11.045669084165695,0.43606074426315516,,,,,,,,,,,,,
-1.0790572649794452,-0.022480359687071776,9.752503118361346,0.04128440366972477,11.200297507343413,0.6897290276210706,,,,,,,,,,,,,
,,,,,,64.54,40,0.04978706315159798,4.58140535,237,9567,148,,,,,,
14.149049927122533,0.2080742636341549,17.637158317957073,0.29310344827586204,14.202468356116913,0.4499470624218521,,,,,,,,,,,,,
24.190464735091282,0.287981723036801,24.77432004082948,0.10344827586206896,16.10087202574876,0.4187801731091835,,,,,,,,,,,,,
8.973914614058518,0.10683231683402998,26.068965647835284,0.5909090909090909,16.95278250203565,0.5936534411592577,,,,,,,,,,,,,
1.2368296730308206,0.030920741825770516,6.251797282602638,0.019662921348314606,8.548575619994272,0.13887499979266832,,,,,,,,,,,,,
,,,,,,64.83,40,0.04978706315159798,4.80743474,244,9839,152,,,,,,
12.992819517417235,0.15653999418574982,27.159882807405666,0.6222222222222222,17.813811614850522,0.7097179905965734,,,,,,,,,,,,,
14.642284382438241,0.13073468198605573,41.471876240568236,0.29411764705882354,20.09102403159272,0.49616280197291174,,,,,,,,,,,,,
-5.271276138485092,-0.047488974220586413,6.012175613082945,0.11904761904761904,3.0303933970487487,0.239499391909428,,,,,,,,1.95135975535959,-0.1351231907028705,-4.220197942107916,0.9584852559491992,128,0.0004669276802161778
-6.297472835608925,-0.19083251016996744,3.268363761017099,0.005847953216374269,5.474302059129051,0.2648836037884372,,,,,,,,,,,,,
,,,,,,65.37,40,0.04978499934077263,4.65658563,253,10174,156,,,,,,
-7.933217991408133,-0.08178575248874365,4.227948883315548,0.013215859030837005,2.5356457933836767,0.27954272534900954,,,,,,,,1.6786057585850358,-0.3292358636390418,-6.57627460360527,0.9041613079607487,256,0.0004665163104711111
-8.162705380801194,-0.24735470850912708,4.4196754661388695,0.005016722408026756,7.779582465495667,0.711249280985468,,,,,,,,,,,,,
-8.294127198552935,-0.26755249027590117,3.876496772048995,0.06818181818181818,7.307179831726194,0.6536891541834675,,,,,,,,1.4795460496097803,-0.41678016004152596,-7.4205973371863365,0.8774662707000971,320,0.00046631069372871114
-8.40110226627546,-0.2710032989121116,3.8551419253926724,0.017857142857142856,7.295329779503337,0.6613746465286778,,,,,,,,,,,,,
,,,,,,65.11,39,0.049793317914009094,4.2528324,259,10362,160,,,,,,
-5.552940559893465,-0.1262031945430333,6.710058016004041,0.14893617021276595,8.283209324650114,0.6774021038916307,,,,,,,,1.2618352961726487,-0.5317897447384894,-8.588658817112446,0.8518123105168343,384,0.00046610512240639993
-2.4539003640634505,-0.03456197695864015,17.613004698301665,0.028526148969889066,13.472765811536851,0.6575848448017373,,,,,,,,1.2951435185968876,-0.6084798569791019,-9.267445333302021,0.8267042236402631,448,0.0004658995965041778
-3.1738745852181207,-0.1057958195072707,4.4896999194752425,0.052083333333333336,8.29731604468966,0.2297626906932649,,,,,,,,1.013544576242566,-0.7359379092231393,-10.240160584449768,0.8026262344792485,512,0.0004656941160220444
-7.171761571250833,-0.1707562278869246,1.940267505357042,0.0038240917782026767,2.594281117509816,0.11104143235397232,,,,,,,,,,,,,
,,,,,,64.68,39,0.0497969351708889,4.0770474000000005,266,10545,164,,,,,,
-8.075928074930102,-0.17946506833178005,4.29911680216901,0.03571428571428571,5.468775685313748,0.5738348005034024,,,,,,,,1.3203909085132182,-0.8090103985741735,-10.857571989297867,0.7788220075890422,576,0.00046548868096
-8.14368061643905,-0.21430738464313293,4.239189831074327,0.006342494714587738,6.424235486472106,0.6559146744357025,,,,,,,,1.0897844941355288,-0.9014050411060452,-11.502332881093025,0.7561772670596838,640,0.00046528329131804454
-8.222771356080179,-0.23493632445943366,1.543046755483374,0.003968253968253968,2.5427233958987814,0.14102153747005172,,,,,,,,,,,,,
-5.470002830846905,-0.10725495746758637,8.25953958480386,0.022641509433962263,9.242874212783844,0.43524507847306876,,,,,,,,1.3461641743779182,-1.0256831794977188,-12.203880950808525,0.7340171169489622,704,0.00046507794709617773
,,,,,,63.46,39,0.04980330169200897,3.52672952,273,10710,168,,,,,,
-7.950786963836075,-0.3057994986090798,4.789535752031952,0.10256410256410256,10.609710446402849,0.7156031917242467,,,,,,,,,,,,,
-8.055264579639825,-0.2065452456317904,11.934470408596098,0.08870967741935484,17.068414908427663,1.0040193309091754,,,,,,,,1.1842387169599533,-1.0813734391704202,-12.542061731219292,0.7126032235100865,768,0.00046487264829440006
11.181340727770841,0.19278173668570417,21.166140974499285,0.3620689655172414,19.961893226122925,0.35650292954460866,,,,,,,,0.9641359122470021,-1.1955367727205157,-13.359177052974701,0.6921474719420075,832,0.00046466739491271103
-5.71232074078257,-0.07825096905181603,9.522710500052199,0.03180212014134275,7.211684406872701,0.6626853016345742,,,,,,,,1.1426392188295722,-1.2862808983772993,-13.797948732972145,0.6721854722127318,896,0.0004644621869511111
,,,,,,62.65,38,0.04981204494833946,3.1311587100000007,279,10902,172,,,,,,
-6.622203010824819,-0.16151714660548339,9.410644644638523,0.15517241379310345,12.753916958563734,0.9412083883606314,,,,,,,,,,,,,
-6.910834413268268,-0.21596357541463337,7.296080722473562,0.05,12.81864938830073,0.795609234030229,,,,,,,,1.6845849314704537,-1.3476978288963437,-14.312621131539345,0.6526069883257151,960,0.00046425702440960003
-6.9490923841976375,-0.21715913700617617,7.223895673407242,0.1590909090909091,12.680811676083577,0.8233302531892034,,,,,,,,,,,,,
-8.275711539305178,-0.20689278848262943,1.853623870993033,0.004784688995215311,2.645338845454735,0.20675322637910037,,,,,,,,1.0885237958282232,-1.4141338896006346,-14.7581287920475,0.6342152571305633,1024,0.0004640519072881778
,,,,,,61.46,38,0.049804121255874634,2.6477473399999996,285,11043,176,,,,,,
8.922015295735978,0.07691392496324119,13.979580333922058,0.28888888888888886,6.587862488156326,0.4739150546512746,,,,,,,,1.2545596025884151,-1.5337230414152145,-15.95075212419033,0.5999277187511325,1152,0.00046364180930559995
-8.099561136767914,-0.1799902474837314,4.477851815172471,0.018018018018018018,5.621384984237366,0.8327717878566895,,,,,,,,1.5125242220237851,-1.642086143605411,-16.606219321489334,0.5833646571263671,1216,0.00046343682844444446
10.615069788297976,0.06472603529449986,22.110272770980373,0.5476190476190477,7.397750599050531,0.3027927608749031,,,,,,,,1.0570632675662637,-1.719231778755784,-17.58782523870468,0.5527119049802423,1344,0.0004630270029824
8.729414928524275,0.1818628110109224,15.283967548166402,0.08421052631578947,17.530270107479485,0.3460631544179036,,,,,,,,1.0339748272672296,-1.7414643615484238,-18.101282387971878,0.5381439682096243,1408,0.00046282215838151113
,,,,,,62.39,38,0.04982815682888031,2.6698927699999997,296,11412,180,,,,,,
-0.2545304731637632,-0.0020362437853101057,54.94466011924669,0.27312775330396477,23.98064511509506,0.6757665164784319,,,,,,,,1.248220220208168,-1.9487639460712671,-19.017897963523865,0.5096547408029437,1536,0.00046241260544000005
3.9255257034079616,0.10065450521558876,11.386452122824267,0.09375,16.186396109592724,0.15545046531798987,,,,,,,,,,,,,
0.8574660282081119,0.025219589064944467,9.160093174315989,0.22727272727272727,15.07235986446947,0.19194019918064706,,,,,,,,1.165479420684278,-2.02363652177155,-19.491597682237625,0.4957800335250795,1600,0.00046220789709937776
1.4918498406134244,0.04387793648863013,9.197608507238328,0.01744186046511628,15.07661652122118,0.1685499899762853,,,,,,,,,,,,,
,,,,,,61.54,38,0.04981854557991028,2.47258075,303,11640,184,,,,,,
31.29977176477228,0.26982561866183,32.23933478817344,0.723404255319149,15.155893770765172,0.533967416903141,,,,,,,,1.1860521007329226,-2.1621603593230247,-20.09130859375,0.469052454456687,1728,0.00046179861667840005
50.603911026697595,0.49611677477154503,33.280999274225906,0.08375634517766498,17.695907756839745,0.19415662905453915,,,,,,,,1.0953468782827258,-2.3506691996008158,-20.701483577489853,0.4436021507717669,1856,0.0004613895179377778
-7.077217478433623,-0.12867668142606586,4.576988602057099,0.052083333333333336,4.620028552884135,0.3733273079468287,,,,,,,,1.0297962864860892,-2.3975776582956314,-20.88668981194496,0.4313984578475356,1920,0.00046118503669759995
3.9733731062187037,0.0993343276554676,12.553028066060506,0.029213483146067417,17.351702079073526,0.12248894270725925,,,,,,,,,,,,,
,,,,,,62.11,38,0.04981197416782379,3.18663772,313,11949,188,,,,,,
22.671919261466762,0.2201157209851142,21.16987368441187,0.2976190476190476,11.222455767468848,0.5250474107647123,,,,,,,,1.2569468645378947,-2.609293654561043,-21.086208015680313,0.40794246504083276,2048,0.00046077621047751116
-5.40193042848279,-0.11024347813230183,12.93269964796491,0.0546218487394958,14.518670638138177,0.7395197299048627,,,,,,,,1.331222460605204,-2.6310716923326254,-21.020720928907394,0.3966057621873915,2112,0.0004605718654976
136.15033849017087,0.32494114198131474,140.39877996395808,0.5833333333333334,18.133375526252962,0.8027570946749268,,,,,,,,1.003281190060079,-2.9782352708280087,-20.80304926633835,0.3354369583539665,2496,0.00045934674944000004
146.19444814516916,0.36366778145564466,94.21640603011474,0.28106508875739644,12.697861319755543,0.4425873851602872,,,,,,,,0.8540688445791602,-3.346315987408161,-20.293520599603653,0.28454918833449483,2880,0.0004581232685056
,,,,,,69.16,38,0.04980654641985893,5.95912738,337,12918,192,,,,,,
52.639560923610006,0.1265374060663702,155.67577667487785,1.099585062240664,10.76358615995301,0.647344838675459,,,,,,,,0.6528669465333223,-3.4881081469357014,-19.533462405204773,0.23609477863647044,3328,0.0004566979406961778
50.95194667945752,0.2681681404181975,50.01123719592579,0.16279069767441862,14.304012832387025,0.5585326882444004,,,,,,,,0.6932684434577823,-3.711096916347742,-19.025133460760117,0.21828773384913802,3520,0.00045608776722204445
-1.180562180117132,-0.0295140545029283,12.824440062744543,0.22413793103448276,17.71524188725815,0.5535467859919143,,,,,,,,,,,,,
50.79327394050479,0.26047832790002456,49.29759194282815,0.1362530413625304,13.707788570912445,0.8970236821909902,,,,,,,,0.5853377305902541,-3.8636829629540443,-18.662906110286713,0.20226066815666854,3712,0.0004554780025287111
,,,,,,75.34,38,0.049799662083387375,7.346924139999999,358,13755,196,,,,,,
46.95053321075027,0.4229777766734259,38.93098218482919,0.6896551724137931,19.051383570547593,0.4190809516930572,,,,,,,,0.5998276136815548,-3.929435331374407,-18.766991049051285,0.19204225996509194,3840,0.0004550717198336
30.49157597753681,0.2102867308795642,39.23880662303418,0.09932279909706546,14.702020872755346,0.9155827190444713,,,,,,,,0.6689378195442259,-3.885628303512931,-18.296397984027863,0.18248222232796252,3968,0.00045466561881884446
35.99428157491028,0.32137751406169895,27.653205775422975,0.6590909090909091,13.427818901749683,0.578890283757398,,,,,,,,0.6714406530372798,-4.032131299376488,-18.274958550930023,0.1736442658584565,4096,0.0004542596994844444
14.953462948738022,0.16614958831931134,9.91280305199325,0.028735632183908046,5.968794847189766,0.06030894148475849,,,,,,,,0.5931190485134721,-3.818906519562006,-17.98077729344368,0.16533470852300525,4224,0.0004538539618304001
,,,,,,77.3,38,0.04980219155550003,8.56559053,372,14209,200,,,,,,
3556.7776840611114,0.567903190812887,3000.0234634840162,7.9703504043126685,18.39623619935536,0.3360432211389658,,,,,,,,0.3257373000960797,-1.902964984299615,-22.580191731452942,0.02191249225870706,10432,0.00043439377016604453
3843.501344447251,0.6860944920469924,3000.3784991790308,8.494929006085192,21.040251892856897,0.25219384628767844,,,,,,,,0.30599516443908215,-0.5664771515876055,-25.857317060232162,0.013266216352349147,16064,0.0004171088828188445
4479.128254443997,0.7310475362239265,3000.180444816244,5.8102409638554215,20.67683222833666,0.1943625982646625,,,,,,,,0.2666530858259648,0.26547861797735095,-27.996344804763794,0.012183447135612369,22208,0.00039865379230151113
3902.1783437021268,0.7593263949605228,3076.609026923077,8.003921568627451,20.825469183826915,0.14884389743711823,,,,,,,,0.2638894063420594,0.06449103227350861,-29.212717205286026,0.011623764672549441,27328,0.0003835943076295111
,,,,,,305.28,40,0.04813382402062416,165.94814372000002,933,37336,204,,,,,,
4309.567982907729,0.7679201680163451,3000.017551722005,7.0548245614035086,20.56551627083143,0.12852774699783054,,,,,,,,0.32307674270123243,-0.2442966722883284,-30.224759846925735,0.010545148150413297,32960,0.0003673646197873778
4708.015026687338,0.795810518371761,3000.2626056473237,5.5130111524163565,20.904081425001028,0.11941823888203534,,,,,,,,0.26746027427725494,-0.33252832666039467,-31.310578495264053,0.009912289853673428,38848,0.00035077329719751115
4307.3403983186245,0.805562071875561,3000.409747828031,6.953757225433526,21.008447386213767,0.0962110268215315,,,,,,,,0.21298401127569377,0.6121981535106897,-32.19239467382431,0.009876295342110097,44160,0.0003361349021696
4448.8793906883975,0.8324998859821103,3000.0135909899836,6.168478260869565,20.90673846576238,0.09037034213422121,,,,,,,,0.2994895020965487,-0.31179122731555253,-33.188173830509186,0.009564838110236451,49536,0.00032163871743999995
,,,,,,525.01,41,0.04710131511092186,343.54548544,1439,59551,208,,,,,,
4535.09709087611,0.8229172728862475,3000.060647570761,8.565055762081784,21.114248169926224,0.08235265316797752,,,,,,,,0.25826597143895924,-0.6002072409028187,-33.603912234306335,0.009258300313376822,55040,0.00030712940630471113
4800.075016012588,0.82617470155122,3207.4025950578507,8.001742160278745,21.01958734994421,0.07294878035254733,,,,,,,,0.2634983481839299,-0.3145781655330211,-34.00549358129501,0.008974636162747629,60864,0.0002921423212544
4500.1779093169225,0.8381780423387823,3000.0079021032434,5.474074074074074,21.11402981905167,0.0765974831176421,,,,,,,,0.2828543649520725,-0.24589597526937723,-34.46984452009201,0.008602133966633119,66240,0.0002786419265536
4518.756961107222,0.8383593619864976,3000.1207786055747,7.084388185654008,21.54592047080569,0.07414419309195384,,,,,,,,0.23038573400117457,0.31298453244380653,-34.66140967607498,0.008507052480126731,71616,0.00026546201600000004
,,,,,,742.78,42,0.04599778354167938,526.6388447899999,1941,81627,212,,,,,,
5003.213058836952,0.8380591388336602,3000.16612314526,6.790697674418604,21.182486094308143,0.07590143238565282,,,,,,,,0.2601068075746298,-0.1694267118582502,-34.83402854204178,0.008416927303187549,77568,0.00025124380221440006
5160.293900033001,0.8485929781340241,3018.2637028566096,5.003003003003003,21.23307475112482,0.06911482976437947,,,,,,,,0.28535358770750463,-0.35358821297995746,-35.188473880290985,0.008141905185766518,83648,0.0002371254217841778
4855.422617758573,0.8484051402688404,3000.1934941678774,7.596199524940618,21.1023997916155,0.06748684757229025,,,,,,,,0.2440395625308156,-0.15036508429329842,-35.40123301744461,0.007918272705865093,89408,0.0002241282362481778
5429.040542390181,0.8576683321311502,3000.1190803264035,7.1017964071856285,21.44313932161356,0.06039601094692392,,,,,,,,0.25305699091404676,-0.1257071946747601,-35.747972905635834,0.007825395863619633,95680,0.00021039415519004447
,,,,,,981.63,42,0.04484052583575249,730.9137623199999,2504,105727,216,,,,,,
4266.241393976833,0.8434640952900025,3152.2538414427545,7.002020202020202,21.156893460345856,0.06774084491231211,,,,,,,,0.2512042901944369,0.09277041093446314,-35.95402503013611,0.00763876846031053,100736,0.00019964035868444446
5303.471311360267,0.846253600025573,3108.22005995363,7.002659574468085,21.455084899262204,0.0679913220222973,,,,,,,,0.2542432411573827,-0.3422612678259611,-35.96906554698944,0.007380921102594584,107008,0.0001866941344881778
5041.172330794888,0.8590954892288493,3000.3784073214047,5.850666666666667,21.560600602410776,0.06433303472615014,,,,,,,,0.2585417425725609,0.13773546344600618,-36.207082867622375,0.007374800290563144,112896,0.00017493750784000001
4803.392541627369,0.8551526689740732,3000.369074725546,7.585,21.27725685787253,0.06280378637342783,,,,,,,,0.2821275251917541,-0.16834308963734657,-36.33734458684921,0.007209648101706989,118528,0.0001640517659761778
,,,,,,1206.92,42,0.044080059975385666,925.00651145,3026,128533,220,,,,,,
4088.757816747678,0.8591632310879761,3000.0858416962437,7.392592592592592,21.465129087393212,0.05748083855537119,,,,,,,,0.3234903644770384,0.09213835885748267,-36.37168490886688,0.007108215482730884,123264,0.00015517009469440002
5267.224714997894,0.8724904281924621,3000.1420081087854,5.37995337995338,21.58722346939367,0.0541318778659932,,,,,,,,0.30097833182662725,-0.42706493637524545,-36.68286311626434,0.007065039542794693,129280,0.0001442466087367111
4436.672758504956,0.8497745180051629,3000.204990707338,7.667910447761194,21.356573077738165,0.06392447021430823,,,,,,,,0.39483759901486337,0.19567530660424381,-36.707591474056244,0.0069589726263075136,134528,0.00013504536170951106
4855.933885382413,0.8588492899509043,3137.8793235130142,6.003194888178914,21.53111513258188,0.057469468574418536,,,,,,,,0.28673856472596526,-0.2972041582688689,-36.852886378765106,0.00678305057954276,140160,0.0001255105949696
,,,,,,1421.23,42,0.04344024881720543,1111.4421479300001,3520,150200,224,,,,,,
4896.2067430467205,0.870127375696947,3000.135400869418,7.3793969849246235,21.409174920343343,0.0530030667153683,,,,,,,,0.2924068854190409,-0.2972802952863276,-36.84510713815689,0.006763327510270756,145792,0.00011632756139804443
5057.101001743783,0.8841085667384236,3141.145322454162,6.0060975609756095,21.429689086750926,0.04559002183483937,,,,,,,,0.19091289793141186,-0.49089828866999596,-36.95819699764252,0.0066294933058088645,151552,0.00010729963743004442
4618.267741940148,0.8614563965566402,3000.3586261598393,8.012106537530267,21.306061604080714,0.05334743955660788,,,,,,,,0.35010353615507483,0.44839408877305686,-36.98259663581848,0.006538101595651824,156864,9.92999788544e-05
5023.658940656873,0.8649550517659905,3000.0146419587545,7.3031674208144794,21.440928328435476,0.05370405083852985,,,,,,,,0.25102616054937243,-0.1028611809015274,-37.18022060394287,0.006392631265043747,162688,9.088885969351108e-05
,,,,,,1644.01,42,0.042990051209926605,1307.2688791799999,4034,172712,228,,,,,,
5064.781868783774,0.870686241840085,3156.874387023505,9.002785515320335,21.254955927453768,0.049365661651680895,,,,,,,,0.2743399932514876,0.24937789933755994,-37.172035932540894,0.006306032897555269,168512,8.28538642887111e-05
4921.874367774623,0.872208819382354,3123.925294963876,8.002645502645503,21.37147837423973,0.052036520944612,,,,,,,,0.2785057087894529,0.23144035902805626,-37.19500368833542,0.0062676339148310944,174144,7.54414874624e-05
4755.358609288474,0.8687173199284755,3000.1959347969387,6.3059701492537314,21.405776319065378,0.054304134058778424,,,,,,,,0.22752152546308935,0.4016020349226892,-37.30862122774124,0.006220970979484264,179648,6.853740685084443e-05
4155.1858937298575,0.8631462180577186,3000.2145265564322,8.037344398340249,21.302260934917477,0.05127598558751079,,,,,,,,0.21924962371122092,-0.7425758668687195,-37.31513673067093,0.00618832324835239,184448,6.279063010417774e-05
,,,,,,1859.05,42,0.042590245604515076,1496.1228044,4532,194456,232,,,,,,
5140.999962726513,0.8678257870909036,3000.3145361773204,9.089795918367347,21.213457212816593,0.04762353748608425,,,,,,,,0.28095501009374857,-0.4044955959543586,-37.33034372329712,0.0061254963802639395,190336,5.6090167751111125e-05
5178.305767841233,0.8756012458304419,3103.4000640969025,7.009174311926605,21.408001498634913,0.05209069888008634,,,,,,,,0.35563368326984346,-0.01569655549246818,-37.35550272464752,0.006053685960068833,196288,4.970760060017776e-05
5023.067494099787,0.8874677551413052,3000.1767881014384,7.35342019543974,21.22013358212475,0.042613595823973775,,,,,,,,0.2822356536053121,-0.3279459247132763,-37.42436754703522,0.005994464831019286,201920,4.40299078087111e-05
5154.088219627011,0.879087194205528,3173.7513272187207,6.002277904328018,21.360162338617307,0.04932166866076886,,,,,,,,0.3575814210344106,-0.6060871337540448,-37.49973714351654,0.005935603265243117,207808,3.847021640817777e-05
,,,,,,2090.05,42,0.042264603078365326,1700.9223479999998,5068,217813,236,,,,,,
4955.175843697491,0.8790448543014885,3000.365053860238,6.391826923076923,21.387733075485944,0.0490573067737845,,,,,,,,0.2281824906822294,-0.8352623865939677,-37.43769973516464,0.005890569416806102,213440,3.3511977824711106e-05
4862.710636334079,0.8747455722853174,3073.8575073690154,7.002487562189055,21.347163475816757,0.049276426232706304,,,,,,,,0.47386986925266683,0.17479783995077014,-37.42828458547592,0.005853563416167162,219008,2.895584328817777e-05
5627.529177368983,0.8846925290628805,3020.402224127436,6.002481389578164,21.362023916723857,0.04545796963964119,,,,,,,,0.24132192973047495,-0.5060849918518215,-37.52106434106827,0.005817212579131592,225344,2.4189459160177763e-05
5242.008239499771,0.8930167358602676,3096.220608760137,7.001369863013698,21.418751847457305,0.044041107905202555,,,,,,,,0.25041820656042546,-0.3858570959419012,-37.52355718612671,0.00578529456834076,231232,2.0159152992711122e-05
,,,,,,2321.7,43,0.04206433147192001,1907.39360647,5603,241236,240,,,,,,
4654.938906588903,0.8826201946509107,3000.3485012371093,6.864923747276689,21.34077245300409,0.0463276036178042,,,,,,,,0.36907837027683854,-0.27156793023459613,-37.51292884349823,0.005749381525674835,236480,1.6890950496711116e-05
4694.956823688126,0.8792053976944056,3025.2459481584374,8.002610966057441,21.30992310226014,0.04716579088436446,,,,,,,,0.31370786507613957,0.34342595119960606,-37.55631309747696,0.005708647280698642,241856,1.385970460444444e-05
4351.103287746172,0.8783010269976125,3011.9068497961853,8.001536098310291,21.083279779252486,0.04533457416852923,,,,,,,,0.26981203025206923,-0.36173510923981667,-37.603799700737,0.005682198963768315,246784,1.1362598957511117e-05
5453.325241638873,0.8805627711349706,3000.006943621789,4.850899742930591,21.32986559513293,0.04935494880578358,,,,,,,,0.4054022351047024,-0.1811103274812922,-37.501836121082306,0.005657170666381717,252992,8.60019457137778e-06
,,,,,,2536.77,43,0.04195977374911308,2098.9309192999995,6099,262993,244,,,,,,
5335.938991297421,0.8896197051179429,3193.2292338346597,8.00303951367781,21.319060310945364,0.04058775040577185,,,,,,,,0.26269505522213876,-0.23879659385420382,-37.62937068939209,0.005632088650600053,258944,6.352990253511107e-06
5058.067566894384,0.8923901847026083,3000.3491256274283,5.720588235294118,21.453945899285205,0.043716877952075045,,,,,,,,0.3692489704117179,-0.27228213124908507,-37.57556527853012,0.005611737047729548,264640,4.570297184711114e-06
4957.183717111083,0.8742828425240005,3000.2270842473954,6.541284403669724,21.24228360599016,0.051486178257611315,,,,,,,,0.4176942416233942,-0.39482172043062747,-37.62547993659973,0.005597934905381408,270336,3.1473766399999997e-06
5420.940723132798,0.8826018761206118,3012.605315869674,6.002347417840376,21.349204192800265,0.045994988422847105,,,,,,,,0.290308156167157,-0.1883343979716301,-37.543540596961975,0.005586257932009175,276480,2.015871385600002e-06
,,,,,,2769.0,43,0.04192299023270607,2306.51297517,6634,286467,248,,,,,,
4711.42307233745,0.8754037666922055,3000.2592464897316,8.098101265822784,21.088668104785725,0.04606238612602998,,,,,,,,0.36934816907159984,-0.5653954753652215,-37.52504187822342,0.005580020151683129,281856,1.36918016e-06
4807.8387625472715,0.8743114680027771,3000.070837050909,6.063965884861407,21.186594963329963,0.04648107919972331,,,,,,,,0.5318143151234835,-0.21747404232155532,-37.56993865966797,0.005573456612182781,287360,1.0391123740444448e-06
