custom/total_reward,custom/avg_center_dev,custom/avg_speed,custom/mean_reward,custom/total_distance,custom/routes_completed,time/iterations,time/fps,time/time_elapsed,time/total_timesteps,rollout/ep_rew_mean,rollout/ep_len_mean,train/learning_rate,train/value_loss,train/approx_kl,train/clip_fraction,train/entropy_loss,train/std,train/n_updates,train/clip_range,train/policy_gradient_loss,train/loss,train/explained_variance
22.517187503340445,0.49035315579741945,11.862993869154963,0.15969636527191805,30.723848185618408,0.7948717948717948,,,,,,,,,,,,,,,,,
3.8530723310592325,0.6245358201878551,8.380876163481975,0.04281191478954703,13.799041260732338,0.05508474576271186,,,,,,,,,,,,,,,,,
19.567264135687008,0.34069179726619303,11.30318336369441,0.20816238442220222,19.458119749091566,0.3275862068965517,,,,,,,,,,,,,,,,,
-4.272075213858435,0.6308701445960381,6.8562976717749695,-0.07365646920445577,7.198153164004907,0.1320754716981132,,,,,,,,,,,,,,,,,
6.06429169260635,0.7817725410192093,11.486905421765268,0.04701001312097946,27.234574880683795,0.46551724137931033,,,,,,,,,,,,,,,,,
0.8177627059857127,1.318524886227763,13.129371176318232,0.007571876907275117,26.076578674837947,0.06598984771573604,,,,,,,,,,,,,,,,,
5.346215008220534,0.7678851757119627,9.605319256742238,0.04455179173517112,21.105708717834204,0.4772727272727273,,,,,,,,,,,,,,,,,
5.028005052344049,0.5301950968509451,9.583955436736144,0.0605783741246271,14.513472649967298,0.03294117647058824,,,,,,,,,,,,,,,,,
-6.81973973174062,0.8891628519175929,6.133297853877899,-0.11964455669720386,6.330527257639915,0.13333333333333333,,,,,,,,,,,,,,,,,
,,,,,,1,44,22,1024,5.768900444444444,96.77777777777777,,,,,,,,,,,
47.299424659621465,0.8589619354329304,13.338021150512,0.1516007200628893,76.70364157186123,0.19505494505494506,,,,,,,9.93253134336e-05,3.5091495387256146,0.0076890616,0.07763671875,-2.845507378876209,1.0077381134033203,10,0.2,-0.01226789936190471,0.9403570890426636,-0.01933884620666504
-3.644683975456287,0.8110805323593451,9.638836885264288,-0.055222484476610406,11.610325177200139,0.2857142857142857,,,,,,,,,,,,,,,,,
43.71969012911727,0.19745806776079744,12.96909079404893,0.3389123265823044,30.721507434151135,0.11567164179104478,,,,,,,,,,,,,,,,,
1.0457363293749449,0.49289873527279454,7.297100326108792,0.011007750835525736,12.736893284833059,0.05726872246696035,,,,,,,,,,,,,,,,,
8.529704629177196,0.8813368443574735,13.003539719861086,0.0676960684855333,30.0950197391212,0.19863013698630136,,,,,,,,,,,,,,,,,
68.80916745697596,0.7243731036687016,13.270604950829165,0.17826209185745068,161.2250829616096,1.2914285714285714,,,,,,,,,,,,,,,,,
,,,,,,2,47,42,2048,14.502277399999999,131.93333333333334,,,,,,,,,,,
53.144615344049186,0.9289587117055809,15.243087373475664,0.14600169050562964,102.28629722166806,0.2,,,,,,,9.865293373440001e-05,4.927386629581451,0.009566898,0.08828125,-2.854531978070736,1.0083909034729004,20,0.2,-0.012884145556017756,2.1211373805999756,0.5520103573799133
65.88440664381001,0.45861506244799266,13.041496784525036,0.2361448266803226,222.00904565351084,1.0653409090909092,,,,,,,,,,,,,,,,,
4.152772202848691,0.8531437575423149,8.572752254784444,0.042375226559680526,15.422957458533347,0.02722323049001815,,,,,,,,,,,,,,,,,
28.794418428526143,0.23410060223739193,10.087311753167105,0.2042157335356464,26.102850115392357,0.28125,,,,,,,,,,,,,,,,,
28.964768176891496,0.5779535662245426,12.259696720058571,0.14930292874686338,43.749624295858666,0.1461794019933555,,,,,,,,,,,,,,,,,
,,,,,,3,49,62,3072,19.916659650000003,152.5,,,,,,,,,,,
19.174797848871016,0.5160487951774335,14.90141871745928,0.1879882142046178,27.91353085031733,0.35714285714285715,,,,,,,9.79828609024e-05,5.978757111728191,0.0059874645,0.06689453125,-2.85544523447752,1.0092175006866455,30,0.2,-0.013165347557514907,0.7270047664642334,0.5604420304298401
15.47389904223661,0.20759132773873767,11.125822757127073,0.18870608588093427,16.722252339473926,0.037199124726477024,,,,,,,,,,,,,,,,,
31.027132195186752,0.42993886490797373,12.98365469642361,0.17729789825821002,41.79576712241396,0.1626984126984127,,,,,,,,,,,,,,,,,
40.27614779790759,0.5235820924682087,13.547937211872474,0.2275488576152971,44.07421856676228,0.22797927461139897,,,,,,,,,,,,,,,,,
2.3000477850684593,0.8273837719135705,10.36137417229985,0.029487792116262297,14.799494251143187,0.38461538461538464,,,,,,,,,,,,,,,,,
,,,,,,4,50,80,4096,20.261961560000003,146.36,,,,,,,,,,,
252.88083137002587,0.6590297385335943,15.46917995658667,0.1806291652643042,488.82652315776795,1.627906976744186,,,,,,,9.731509493760002e-05,5.808117243647575,0.013050601,0.12646484375,-2.8578504100441933,1.0109683275222778,40,0.2,-0.02014422551728785,2.7516531944274902,0.5632985234260559
,,,,,,5,52,97,5120,29.207449653846155,194.53846153846155,,,,,,,,,,,
155.31140755697794,0.4254281523529505,13.982886429986667,0.28655241246674895,291.96247942955233,1.8867924528301887,,,,,,,9.664963584000001e-05,3.817942628264427,0.011340852,0.09091796875,-2.8596010759472845,1.0107489824295044,50,0.2,-0.01866823498858139,0.7783491015434265,0.5787721574306488
15.39512194910661,0.49204639764269464,13.189596680788059,0.18548339697718808,20.066647678148,0.06006006006006006,,,,,,,,,,,,,,,,,
27.165360255065444,0.5585051058356189,12.920326967489263,0.17413692471195796,37.03572486084886,0.6379310344827587,,,,,,,,,,,,,,,,,
,,,,,,6,53,114,6144,33.005415965517244,201.24137931034483,,,,,,,,,,,
,,,,,,7,54,130,7168,33.005415965517244,201.24137931034483,9.59864836096e-05,3.767598682641983,0.011214146,0.1162109375,-2.8590501308441163,1.0105290412902832,60,0.2,-0.020806571241701023,0.7462485432624817,0.6412241160869598
603.4121102672566,0.48216656734876406,16.648959699080635,0.32546500014415136,726.1136562130414,2.055045871559633,,,,,,,9.532563824640001e-05,2.435767909511924,0.0063050785,0.05947265625,-2.8630667686462403,1.0151820182800293,70,0.2,-0.010026958200614899,0.6474398374557495,0.7572759836912155
21.653995952652632,0.5215557554636722,14.718816176828268,0.19866051332708837,29.366230027051643,0.6818181818181818,,,,,,,,,,,,,,,,,
40.71495937980823,0.44005602506086544,12.600833971387143,0.26099332935774505,36.12370971089695,0.061016949152542375,,,,,,,,,,,,,,,,,
17.374795728076705,0.6858700978436905,14.493727132357684,0.12870219057834598,35.930918116122484,0.9555555555555556,,,,,,,,,,,,,,,,,
-4.125151406910824,0.9143432652496121,10.379019396037485,-0.09167003126468498,8.41897528199479,0.02922077922077922,,,,,,,,,,,,,,,,,
,,,,,,8,54,149,8192,48.11992861764707,239.11764705882354,,,,,,,,,,,
26.071430801570003,0.42352172025227564,12.20023266786908,0.2228327418937607,26.15402348653879,0.6428571428571429,,,,,,,9.46670997504e-05,4.336137767881155,0.0053760903,0.0650390625,-2.871165983378887,1.0191295146942139,80,0.2,-0.012371154106222092,3.8616724014282227,0.7738602012395859
129.5694534063705,0.4580122577198484,15.909549559351463,0.3296932656650649,115.23225798388012,0.452755905511811,,,,,,,,,,,,,,,,,
133.3932702838585,0.5347180695176058,15.370057641067595,0.33348317570964625,113.29170848615468,0.5374449339207048,,,,,,,,,,,,,,,,,
,,,,,,9,55,167,9216,52.02811818918919,244.24324324324326,,,,,,,,,,,
94.982167176072,0.7889488670038395,14.70925829236396,0.22777498123758272,113.0312569476664,0.2222222222222222,,,,,,,9.40108681216e-05,2.615781620144844,0.008207749,0.07880859375,-2.87758908867836,1.0208377838134766,90,0.2,-0.015784476144472138,0.7121957540512085,0.8876999616622925
29.481393622358098,0.4598137606996111,13.454407175472902,0.25414994502032845,28.663472248939797,0.6590909090909091,,,,,,,,,,,,,,,,,
107.96505880495327,0.4212042692601197,15.46035756193938,0.26527041475418495,326.41765491245314,1.0582959641255605,,,,,,,,,,,,,,,,,
,,,,,,10,55,184,10240,53.934881925,249.35,,,,,,,,,,,
102.27278353244489,0.24029542780629481,14.94186595445776,0.33313610271154687,233.6676422643941,1.1111111111111112,,,,,,,9.335694336e-05,4.3842115446925165,0.0046357056,0.07998046875,-2.880375772714615,1.022301435470581,100,0.2,-0.013917443802347407,1.240086317062378,0.8172285556793213
107.90139763725782,0.6231845133325632,17.237581944542928,0.26063139525907686,131.57037238683552,0.3589041095890411,,,,,,,,,,,,,,,,,
,,,,,,11,55,201,11264,56.36984,254.5952380952381,,,,,,,,,,,
212.65293426663706,0.39221795336550996,16.78539015284798,0.3704754952380437,383.937058809679,1.203931203931204,,,,,,,9.270532546560001e-05,5.037792494893074,0.008810347,0.0814453125,-2.8824988678097725,1.0229146480560303,110,0.2,-0.012025793187785894,1.1183381080627441,0.7169500589370728
72.62618861879423,0.5699541225708409,16.22170905859867,0.2548287319957692,84.96244104811922,0.11764705882352941,,,,,,,,,,,,,,,,,
58.05317114909229,0.6359742038911822,17.12490893122941,0.27255009929151314,67.10168021498248,0.8690476190476191,,,,,,,,,,,,,,,,,
,,,,,,12,56,218,12288,60.23984928888889,261.3777777777778,,,,,,,,,,,
392.37890826750726,0.7078674351144353,15.694222512780062,0.31745866364685055,451.0502959419973,1.0641447368421053,,,,,,,9.205601443840001e-05,3.3164316445589064,0.0073483307,0.10361328125,-2.8847854316234587,1.0243116617202759,120,0.2,-0.01573076761851553,0.9516088962554932,0.9048444852232933
,,,,,,13,55,240,13312,67.46026360869566,282.54347826086956,,,,,,,,,,,
186.62935771737332,0.3737416257018351,15.962547424126416,0.315252293441509,173.98708011722192,0.7142857142857143,,,,,,,9.14090102784e-05,2.881178664416075,0.014873747,0.14892578125,-2.8873321264982224,1.0258402824401855,130,0.2,-0.018487229876336643,0.7188349962234497,0.8052079677581787
35.82838567302315,0.4317882431963312,16.75496885819743,0.2653954494298011,41.48935383418575,0.10594315245478036,,,,,,,,,,,,,,,,,
,,,,,,14,55,259,14336,69.28244304166667,285.875,,,,,,,,,,,
345.3117076696449,0.3950785890665839,16.929546437331886,0.3862547065655983,323.6169328568503,1.5100401606425704,,,,,,,9.07643129856e-05,4.05757802054286,0.00823168,0.09755859375,-2.890534234046936,1.0278241634368896,140,0.2,-0.016190059820655734,0.767566442489624,0.06115162372589111
,,,,,,15,55,276,15360,74.91495387755103,298.265306122449,,,,,,,,,,,
294.8136861483325,0.5239837782758413,16.763675287962442,0.31197215465432016,399.6026045785984,1.390092879256966,,,,,,,9.012192255999999e-05,3.626489798724651,0.0056964518,0.0962890625,-2.893973571062088,1.0293142795562744,150,0.2,-0.018030666321283206,1.242937445640564,0.7592233121395111
222.72364954526566,0.5528343049630368,15.025096734625077,0.3237262348041652,266.67461487371475,1.5091575091575091,,,,,,,,,,,,,,,,,
,,,,,,16,55,292,16384,82.12352754901963,318.54901960784315,,,,,,,,,,,
,,,,,,17,56,308,17408,82.12352754901963,318.54901960784315,8.948183900160001e-05,2.58839513361454,0.011988601,0.103125,-2.8965165987610817,1.0301042795181274,160,0.2,-0.018863740342203526,0.9571861624717712,0.9178035408258438
,,,,,,18,56,324,18432,82.12352754901963,318.54901960784315,8.884406231040001e-05,2.5589559502899646,0.00835453,0.1076171875,-2.898283284902573,1.031594157218933,170,0.2,-0.023640147858532145,0.6862091422080994,0.8582921475172043
883.2376772082654,0.5392282659493445,16.764228699230788,0.33342305670376193,1158.3377828640514,2.8640226628895187,,,,,,,8.82085924864e-05,3.0337997175753117,0.008628243,0.07900390625,-2.9015355080366136,1.0336577892303467,180,0.2,-0.016691862733568995,0.7140851020812988,0.7693160474300385
,,,,,,19,57,340,19456,97.5295688846154,363.34615384615387,,,,,,,,,,,
366.2510448870713,0.6069267132342943,16.971316132391735,0.31986990819831557,573.1631118746009,1.4896331738437,,,,,,,8.75754295296e-05,4.507258691638708,0.0069130864,0.1037109375,-2.905005122721195,1.0346852540969849,190,0.2,-0.017158994323108346,1.2400951385498047,0.7371768653392792
,,,,,,20,57,357,20480,102.59911664150944,378.07547169811323,,,,,,,,,,,
,,,,,,21,57,373,21504,102.59911664150944,378.07547169811323,8.694457343999999e-05,2.812099684774876,0.011255433,0.1150390625,-2.9098452433943747,1.0388362407684326,200,0.2,-0.020822205004515128,0.745747983455658,0.7888484746217728
,,,,,,22,57,389,22528,102.59911664150944,378.07547169811323,8.631602421760002e-05,3.2114790119230747,0.011492605,0.10078125,-2.9175283133983614,1.0426334142684937,210,0.2,-0.020533686538692565,0.7230952382087708,0.5624584257602692
1158.6537646491322,0.4873071538916492,17.800047006533074,0.359383922037572,1394.398353480734,3.5644028103044496,,,,,,,8.56897818624e-05,2.2071754835546016,0.01344474,0.16767578125,-2.9211967632174494,1.042421579360962,220,0.2,-0.01597990342997946,0.3381883502006531,0.7925065010786057
,,,,,,23,57,406,23552,122.1550099074074,430.75925925925924,,,,,,,,,,,
,,,,,,24,57,426,24576,122.1550099074074,430.75925925925924,8.50658463744e-05,3.5122385270893575,0.008586743,0.10419921875,-2.9239456564188004,1.0457732677459717,230,0.2,-0.018764930916950105,0.6608150601387024,0.6869329512119293
,,,,,,25,56,450,25600,122.1550099074074,430.75925925925924,8.44442177536e-05,2.8766530975699425,0.009540108,0.12958984375,-2.9280697077512743,1.0466164350509644,240,0.2,-0.02131616498227231,0.7519506216049194,0.8125494122505188
,,,,,,26,56,474,26624,122.1550099074074,430.75925925925924,8.3824896e-05,2.2122709646821024,0.019653123,0.12958984375,-2.9299131885170935,1.0477216243743896,250,0.2,-0.022825356118846684,0.7021483778953552,0.7777058035135269
,,,,,,27,55,499,27648,122.1550099074074,430.75925925925924,8.320788111360001e-05,2.499250441789627,0.015166845,0.148828125,-2.9304959177970886,1.0473911762237549,260,0.2,-0.021503862662939355,0.7158183455467224,0.7986555397510529
,,,,,,28,54,522,28672,122.1550099074074,430.75925925925924,8.259317309439999e-05,2.3970871046185493,0.010857638,0.1392578125,-2.931684894859791,1.0491580963134766,270,0.2,-0.021553743327967823,0.5798887014389038,0.7595679312944412
,,,,,,29,54,546,29696,122.1550099074074,430.75925925925924,8.198077194240001e-05,2.5801706828176973,0.016621564,0.17060546875,-2.936627487838268,1.0523195266723633,280,0.2,-0.01764640327892266,0.4970875382423401,0.8321054577827454
2575.8459431189153,0.5393996647473303,18.82358398858678,0.38325337644977164,3000.211262309458,6.984051036682615,,,,,,,8.13706776576e-05,2.5467452339828016,0.011540577,0.16767578125,-2.9420919597148893,1.0539264678955078,290,0.2,-0.013851511862594635,0.6476101875305176,0.8764216378331184
,,,,,,30,54,564,30720,166.76757232727275,545.1090909090909,,,,,,,,,,,
,,,,,,31,54,580,31744,166.76757232727275,545.1090909090909,8.076289024e-05,2.8273955903947354,0.00813513,0.13251953125,-2.944591487944126,1.0558485984802246,300,0.2,-0.02241888364951592,0.646148681640625,0.6630409955978394
,,,,,,32,54,595,32768,166.76757232727275,545.1090909090909,8.01574096896e-05,3.132847858965397,0.008869972,0.0783203125,-2.949191015958786,1.059119701385498,310,0.2,-0.01627646547276527,1.1852993965148926,0.5142224133014679
,,,,,,33,55,611,33792,166.76757232727275,545.1090909090909,7.95542360064e-05,3.063401875644922,0.010994828,0.12158203125,-2.9554291695356367,1.0625271797180176,320,0.2,-0.019154504785547033,0.7253997325897217,0.6171876192092896
,,,,,,34,55,627,34816,166.76757232727275,545.1090909090909,7.89533691904e-05,1.6683955136686563,0.021019368,0.1306640625,-2.9596178472042083,1.0632569789886475,330,0.2,-0.019270929496269674,0.19652345776557922,0.7886289060115814
,,,,,,35,55,643,35840,166.76757232727275,545.1090909090909,7.83548092416e-05,2.0789825774729254,0.013115505,0.12021484375,-2.9660036116838455,1.0688964128494263,340,0.2,-0.02411965833744034,0.33205243945121765,0.7626414895057678
2845.67915932153,0.3522548117886517,19.227656228438754,0.4169493273731179,3000.3638830231503,7.318407960199005,,,,,,,7.775855616000002e-05,1.4008130379021169,0.0104813725,0.1052734375,-2.974378627538681,1.0725078582763672,350,0.2,-0.02491567642427981,0.23535633087158203,0.8246631175279617
,,,,,,36,55,660,36864,214.6052792321429,657.2321428571429,,,,,,,,,,,
,,,,,,37,55,676,37888,214.6052792321429,657.2321428571429,7.71646099456e-05,5.724618650972843,0.008013314,0.09072265625,-2.980438594520092,1.0755541324615479,360,0.2,-0.01924250079318881,3.1644062995910645,0.473730206489563
,,,,,,38,56,692,38912,214.6052792321429,657.2321428571429,7.65729705984e-05,2.0619236953556537,0.01682616,0.12431640625,-2.9851162031292917,1.0771348476409912,370,0.2,-0.024224357306957246,0.5568926930427551,0.8196889013051987
,,,,,,39,55,714,39936,214.6052792321429,657.2321428571429,7.59836381184e-05,1.9118328507989646,0.012702597,0.1529296875,-2.9896966844797133,1.0809736251831055,380,0.2,-0.017641277960501613,0.504016637802124,0.5684929490089417
,,,,,,40,55,738,40960,214.6052792321429,657.2321428571429,7.53966125056e-05,1.3514984641224146,0.015502922,0.167578125,-2.9946762576699255,1.0826016664505005,390,0.2,-0.0240499640989583,0.2538493573665619,0.8042044788599014
,,,,,,41,55,763,41984,214.6052792321429,657.2321428571429,7.481189376e-05,1.9491093710064888,0.01296747,0.13017578125,-2.997225946187973,1.0832374095916748,400,0.2,-0.023238788743037732,0.437333345413208,0.7109727263450623
2980.2821208836476,0.2904965078150617,18.939055870296183,0.49009737228805256,3102.089421540266,6.003448275862069,,,,,,,7.422948188160001e-05,1.5106474511325358,0.010962541,0.15419921875,-3.0017351627349855,1.088912844657898,410,0.2,-0.023029314051382244,0.14019182324409485,0.7294937670230865
,,,,,,42,54,786,43008,263.1253047368421,752.3684210526316,,,,,,,,,,,
,,,,,,43,54,802,44032,263.1253047368421,752.3684210526316,7.364937687040001e-05,5.274874733388424,0.010877795,0.13046875,-3.0114844501018525,1.0926390886306763,420,0.2,-0.017256852082209662,3.9770469665527344,0.48075157403945923
,,,,,,44,54,826,45056,263.1253047368421,752.3684210526316,7.30715787264e-05,2.0384343829005958,0.010731525,0.12294921875,-3.01633443236351,1.0938527584075928,430,0.2,-0.026507680432405322,0.4424099624156952,0.602283388376236
,,,,,,45,54,852,46080,263.1253047368421,752.3684210526316,7.24960874496e-05,1.17395072132349,0.01605812,0.13955078125,-3.018258160352707,1.095445156097412,440,0.2,-0.02098405364667997,0.20470461249351501,0.4889499545097351
,,,,,,46,53,875,47104,263.1253047368421,752.3684210526316,7.192290304000002e-05,2.4241253562271594,0.009983396,0.1095703125,-3.024079141020775,1.1005988121032715,450,0.2,-0.019826163322431967,0.4511937201023102,0.5351927876472473
,,,,,,47,53,900,48128,263.1253047368421,752.3684210526316,7.13520254976e-05,1.5471636205911636,0.010685817,0.12587890625,-3.031695805490017,1.1028738021850586,460,0.2,-0.02204075420740992,0.3151737451553345,0.6170675754547119
3106.1719202569816,0.24211494415346796,19.47552836791932,0.5347171492954005,3000.1837077471428,6.925581395348837,,,,,,,7.078345482239999e-05,1.6347758568823338,0.015135657,0.13974609375,-3.032779037952423,1.1020238399505615,470,0.2,-0.021239768154919146,0.18202370405197144,0.6827585995197296
,,,,,,48,53,921,49152,312.14272606896554,839.5344827586207,,,,,,,,,,,
,,,,,,49,53,936,50176,312.14272606896554,839.5344827586207,7.021719101440001e-05,3.6253305308520796,0.012719742,0.12451171875,-3.0320663794875147,1.102285385131836,480,0.2,-0.0206972052808851,0.7749243974685669,0.47776639461517334
,,,,,,50,53,952,51200,312.14272606896554,839.5344827586207,6.96532340736e-05,2.5145676847547294,0.007980416,0.12724609375,-3.0347399041056633,1.1049106121063232,490,0.2,-0.0176749209233094,0.32306110858917236,0.3940916657447815
,,,,,,51,53,968,52224,312.14272606896554,839.5344827586207,6.9091584e-05,1.4022865165024996,0.02419994,0.135546875,-3.037313012778759,1.105736494064331,500,0.2,-0.020247115046367982,0.31452861428260803,0.5767013132572174
,,,,,,52,54,984,53248,312.14272606896554,839.5344827586207,6.853224079360001e-05,2.0202706892043354,0.01474764,0.15361328125,-3.0408508971333505,1.1087572574615479,510,0.2,-0.019197395659284668,0.3912672996520996,0.5953960120677948
,,,,,,53,54,1000,54272,312.14272606896554,839.5344827586207,6.797520445440001e-05,1.707871228083968,0.012777189,0.16923828125,-3.0458085998892783,1.110983967781067,520,0.2,-0.017492750147357582,0.14733843505382538,0.6085242927074432
3724.800112416516,0.20806130520325697,19.861095709910778,0.5800965756761433,3000.1918192808516,6.239625167336011,,,,,,,6.74204749824e-05,1.372273824363947,0.009242022,0.1146484375,-3.049047364294529,1.1124855279922485,530,0.2,-0.02000370289897546,0.34945711493492126,0.5462534129619598
,,,,,,54,54,1017,55296,369.9843766779661,934.1186440677966,,,,,,,,,,,
,,,,,,55,54,1033,56320,369.9843766779661,934.1186440677966,6.686805237759999e-05,3.3702148877084257,0.012708012,0.1009765625,-3.051970672607422,1.1144429445266724,540,0.2,-0.018816638173302636,1.399632215499878,0.41847074031829834
,,,,,,56,54,1049,57344,369.9843766779661,934.1186440677966,6.631793664e-05,2.72920586168766,0.012816563,0.14638671875,-3.0539513647556307,1.1145449876785278,550,0.2,-0.021248489647405222,0.7215927243232727,0.7370157837867737
,,,,,,57,54,1064,58368,369.9843766779661,934.1186440677966,6.57701277696e-05,1.8383884321898223,0.0145624075,0.14404296875,-3.054897864162922,1.115652084350586,560,0.2,-0.026382513434509747,0.2880513668060303,0.6032731831073761
,,,,,,58,54,1081,59392,369.9843766779661,934.1186440677966,6.52246257664e-05,1.5191487167030573,0.011240973,0.10478515625,-3.058019870519638,1.117750644683838,570,0.2,-0.020248249266296627,0.4457739591598511,0.7086167931556702
,,,,,,59,55,1097,60416,369.9843766779661,934.1186440677966,6.46814306304e-05,2.370912467688322,0.014899427,0.11123046875,-3.0602259635925293,1.1183433532714844,580,0.2,-0.023934220033697783,0.7507050633430481,0.7363131046295166
3450.995416022161,0.2374868804713369,20.216188004277214,0.5615940465455104,3000.2778042526916,7.600328947368421,,,,,,,6.414054236160001e-05,2.204518736898899,0.01644105,0.15654296875,-3.060861149430275,1.1187549829483032,590,0.2,-0.022120735462522134,0.715293824672699,0.6477925777435303
,,,,,,60,55,1114,61440,421.3339576833333,1020.95,,,,,,,,,,,
,,,,,,61,55,1130,62464,421.3339576833333,1020.95,6.360196096000001e-05,5.168662855774164,0.012771059,0.1333984375,-3.06202667504549,1.119585394859314,600,0.2,-0.015685934788780286,2.520207405090332,0.6237751841545105
,,,,,,62,55,1147,63488,421.3339576833333,1020.95,6.30656864256e-05,2.157622928544879,0.01832419,0.11025390625,-3.0644439324736594,1.121650218963623,610,0.2,-0.018022599047981203,0.7634861469268799,0.5642386376857758
,,,,,,63,55,1163,64512,421.3339576833333,1020.95,6.253171875840001e-05,1.755531383305788,0.019218847,0.15927734375,-3.069481384754181,1.1253970861434937,620,0.2,-0.025064426712924616,0.4805077016353607,0.6555318236351013
,,,,,,64,55,1180,65536,421.3339576833333,1020.95,6.20000579584e-05,1.7188727363944054,0.010787249,0.1501953125,-3.0757890567183495,1.1282508373260498,630,0.2,-0.020328165640239603,0.6850279569625854,0.7693077623844147
,,,,,,65,55,1196,66560,421.3339576833333,1020.95,6.147070402559999e-05,1.6046961657702923,0.022921946,0.133984375,-3.080579601228237,1.130962610244751,640,0.2,-0.02272516579832882,0.3447534739971161,0.6431801617145538
3326.570909221315,0.21594709084129957,19.989607231682925,0.5887736122515602,3000.3668717471883,8.078902229845626,,,,,,,6.0943656960000014e-05,1.5842462543398141,0.017489716,0.169140625,-3.0832056954503058,1.1311742067337036,650,0.2,-0.022187389963073657,0.19626201689243317,0.6284641623497009
,,,,,,66,55,1213,67584,468.9607929508197,1096.8196721311476,,,,,,,,,,,
,,,,,,67,55,1228,68608,468.9607929508197,1096.8196721311476,6.04189167616e-05,6.595788198709488,0.01368425,0.13271484375,-3.0849002599716187,1.1330479383468628,660,0.2,-0.01874717393075116,0.7563464641571045,0.39655929803848267
,,,,,,68,55,1245,69632,468.9607929508197,1096.8196721311476,5.989648343040002e-05,1.2466172870248555,0.016502699,0.1859375,-3.088301230967045,1.134946584701538,670,0.2,-0.0214792495011352,0.11232808232307434,0.7652324587106705
,,,,,,69,56,1261,70656,468.9607929508197,1096.8196721311476,5.93763569664e-05,0.8872323537245392,0.016933814,0.17265625,-3.0923985064029695,1.137423038482666,680,0.2,-0.030724044947419316,-0.014349400997161865,0.7776674330234528
,,,,,,70,56,1276,71680,468.9607929508197,1096.8196721311476,5.8858537369600015e-05,1.033618258498609,0.014716642,0.1564453125,-3.096632830798626,1.1402721405029297,690,0.2,-0.02345037043560296,0.10491549968719482,0.7974534630775452
,,,,,,71,56,1292,72704,468.9607929508197,1096.8196721311476,5.834302464e-05,1.3919531024992466,0.014797688,0.17900390625,-3.1008887335658075,1.1420238018035889,700,0.2,-0.02305359712918289,0.1646631360054016,0.5235022604465485
3573.106757647759,0.21102684603390484,20.400970593957855,0.6139358690116424,3057.142587697832,6.002053388090349,,,,,,,5.78298187776e-05,1.5040898885577918,0.022427365,0.10625,-3.103210797905922,1.1431854963302612,710,0.2,-0.02275812901207246,0.43909189105033875,0.44775277376174927
,,,,,,72,56,1308,73728,519.0276633548388,1172.983870967742,,,,,,,,,,,
,,,,,,73,56,1324,74752,519.0276633548388,1172.983870967742,5.7318919782400006e-05,7.966086708754301,0.0106872255,0.0974609375,-3.1059035316109656,1.1449803113937378,720,0.2,-0.017775533837266266,1.0659277439117432,0.1712474822998047
,,,,,,74,56,1340,75776,519.0276633548388,1172.983870967742,5.6810327654400004e-05,1.1080750139430164,0.015784048,0.15185546875,-3.110764595866203,1.1486159563064575,730,0.2,-0.022395946725737303,0.12481795251369476,0.6438403725624084
,,,,,,75,56,1355,76800,519.0276633548388,1172.983870967742,5.63040423936e-05,1.2324168857187032,0.016603218,0.11474609375,-3.1161515176296235,1.1516008377075195,740,0.2,-0.02530169559177011,0.46859118342399597,0.6706675887107849
,,,,,,76,56,1371,77824,519.0276633548388,1172.983870967742,5.5800064e-05,1.680799563229084,0.0151913,0.16591796875,-3.1186307266354563,1.1512773036956787,750,0.2,-0.02098224436631426,0.47456562519073486,0.7194640338420868
3746.4023683184478,0.15870008188142215,20.705517581491925,0.6516615704154545,3000.108524175361,8.140625,,,,,,,5.529839247360001e-05,1.2092026922851802,0.016209917,0.11328125,-3.117909948527813,1.1509594917297363,760,0.2,-0.022937787382397802,0.22913093864917755,0.8164771795272827
,,,,,,77,56,1389,78848,570.2552590158731,1245.6031746031747,,,,,,,,,,,
,,,,,,78,56,1406,79872,570.2552590158731,1245.6031746031747,5.47990278144e-05,7.524984173476696,0.0067679724,0.07421875,-3.1176902145147323,1.1509058475494385,770,0.2,-0.014565656648483128,1.053925633430481,0.40671563148498535
,,,,,,79,56,1422,80896,570.2552590158731,1245.6031746031747,5.43019700224e-05,2.12560103982687,0.0137941595,0.117578125,-3.118729594349861,1.1520051956176758,780,0.2,-0.01713392439414747,0.5709273815155029,0.6917482018470764
,,,,,,80,56,1437,81920,570.2552590158731,1245.6031746031747,5.38072190976e-05,1.2560350261628628,0.01551814,0.166796875,-3.12355268150568,1.156562328338623,790,0.2,-0.02725292704999447,0.18655063211917877,0.712010532617569
,,,,,,81,57,1453,82944,570.2552590158731,1245.6031746031747,5.3314775040000004e-05,1.834185828641057,0.013886151,0.13671875,-3.1303698450326918,1.1599409580230713,800,0.2,-0.02531068818643689,0.8871673345565796,0.5774678289890289
,,,,,,82,57,1468,83968,570.2552590158731,1245.6031746031747,5.2824637849599996e-05,1.2562374476343394,0.013760399,0.1263671875,-3.133921208977699,1.160414218902588,810,0.2,-0.020158823276869953,0.2779850959777832,0.6957346498966217
3836.639708439504,0.1526801750693731,21.919417674997213,0.6645833550042446,3000.185829793336,6.666666666666667,,,,,,,5.23368075264e-05,1.3820684544742108,0.016639605,0.1591796875,-3.134904611110687,1.1615338325500488,820,0.2,-0.02529601481510326,0.3834194540977478,0.4110691547393799
,,,,,,83,57,1486,84992,621.291950734375,1316.328125,,,,,,,,,,,
,,,,,,84,57,1501,86016,621.291950734375,1316.328125,5.185128407040001e-05,4.198170430213213,0.008880902,0.0875,-3.13710311204195,1.1628446578979492,830,0.2,-0.018693937940406614,0.729286789894104,0.46886008977890015
,,,,,,85,57,1517,87040,621.291950734375,1316.328125,5.13680674816e-05,1.1590711088851093,0.012836953,0.1330078125,-3.139856365323067,1.1643202304840088,840,0.2,-0.018743081483989954,-0.008321389555931091,0.3605309724807739
,,,,,,86,57,1532,88064,621.291950734375,1316.328125,5.088715776e-05,1.4875624027103185,0.014322712,0.11044921875,-3.14095618724823,1.1645859479904175,850,0.2,-0.019673231604974716,0.36305099725723267,0.5399576723575592
,,,,,,87,57,1549,89088,621.291950734375,1316.328125,5.040855490560001e-05,2.1779415160417557,0.016240815,0.13662109375,-3.1423911452293396,1.166762113571167,860,0.2,-0.01913951042224653,0.32959866523742676,0.4733312726020813
,,,,,,88,57,1564,90112,621.291950734375,1316.328125,4.9932258918399994e-05,2.7253489650785925,0.017527513,0.13994140625,-3.147250162065029,1.1695950031280518,870,0.2,-0.02000965650076978,0.7717379927635193,0.5412123203277588
4177.113565079537,0.142136253554533,22.114023502119082,0.6849973048670936,3000.0296806145925,6.746817538896747,,,,,,,4.945826979839999e-05,0.9476001130416989,0.015783086,0.12626953125,-3.1499395802617074,1.1695594787597656,880,0.2,-0.020995644538197668,0.1873343139886856,0.7238202691078186
,,,,,,89,57,1581,91136,675.9968986461538,1389.876923076923,,,,,,,,,,,
,,,,,,90,57,1596,92160,675.9968986461538,1389.876923076923,4.8986587545600004e-05,6.081893122941255,0.015332947,0.12041015625,-3.150569473206997,1.1705996990203857,890,0.2,-0.013127022175467573,1.2997993230819702,0.39055484533309937
,,,,,,91,57,1613,93184,675.9968986461538,1389.876923076923,4.8517212160000014e-05,1.8644449200481177,0.016601123,0.13994140625,-3.15247687548399,1.1717171669006348,900,0.2,-0.019123498909175397,0.3857889473438263,0.45935535430908203
,,,,,,92,57,1629,94208,675.9968986461538,1389.876923076923,4.805014364159999e-05,2.1152796395123006,0.01673926,0.17880859375,-3.155085989832878,1.1737970113754272,910,0.2,-0.024736067419871687,0.41607752442359924,0.48436665534973145
,,,,,,93,57,1644,95232,675.9968986461538,1389.876923076923,4.7585381990400004e-05,1.3566411521285773,0.02762725,0.21259765625,-3.1607647821307183,1.178955078125,920,0.2,-0.030076608509989455,0.272275447845459,0.7071523368358612
3918.0266227677103,0.16768052152120416,21.92541057538018,0.6665577786266945,3000.2871445582714,7.225274725274725,,,,,,,4.712292720640001e-05,1.4062201369553804,0.01848616,0.13681640625,-3.167260320484638,1.1806507110595703,930,0.2,-0.02156328156706877,0.3851401209831238,0.7299448847770691
,,,,,,94,57,1660,96256,725.1180129696969,1457.8636363636363,,,,,,,,,,,
,,,,,,95,58,1677,97280,725.1180129696969,1457.8636363636363,4.666277928960001e-05,7.156396742910147,0.010670369,0.12392578125,-3.170557864010334,1.1831843852996826,940,0.2,-0.014456938608782366,1.859773874282837,0.3487560749053955
,,,,,,96,58,1692,98304,725.1180129696969,1457.8636363636363,4.6204938239999995e-05,1.8285892441868783,0.017708275,0.12216796875,-3.174069045484066,1.1847021579742432,950,0.2,-0.02628653236897662,0.40288013219833374,0.530695766210556
,,,,,,97,58,1707,99328,725.1180129696969,1457.8636363636363,4.5749404057600006e-05,2.293755855038762,0.012938235,0.14365234375,-3.176178325712681,1.1855738162994385,960,0.2,-0.021173947572242467,0.4553464651107788,0.6946489214897156
,,,,,,98,58,1724,100352,725.1180129696969,1457.8636363636363,4.52961767424e-05,1.9557364825159311,0.013679638,0.1375,-3.1780613988637922,1.187239646911621,970,0.2,-0.016083519672974944,0.5326577425003052,0.7488781809806824
,,,,,,99,58,1739,101376,725.1180129696969,1457.8636363636363,4.484525629439999e-05,1.3118163336068391,0.021110702,0.14892578125,-3.1819076642394064,1.1903181076049805,980,0.2,-0.0200843095430173,0.14396414160728455,0.8702290803194046
3538.073316034704,0.16050443472174353,21.95956590757847,0.6722540976695238,3000.0346888547065,5.620805369127517,,,,,,,4.4396642713600006e-05,1.7442047480493783,0.021147145,0.15693359375,-3.1851377099752427,1.1906906366348267,990,0.2,-0.018687873159069567,0.48414093255996704,0.855490431189537
,,,,,,100,58,1756,102400,767.1018959850746,1514.641791044776,,,,,,,,,,,
,,,,,,101,58,1771,103424,767.1018959850746,1514.641791044776,4.395033600000001e-05,8.498244039714336,0.009835511,0.11181640625,-3.1860180124640465,1.1915894746780396,1000,0.2,-0.015574887243565172,1.0696958303451538,0.48687267303466797
,,,,,,102,58,1788,104448,767.1018959850746,1514.641791044776,4.3506336153600005e-05,1.9388402797281743,0.021868307,0.183984375,-3.1873345628380774,1.1917363405227661,1010,0.2,-0.020966408407548442,0.5555582046508789,0.7164738774299622
,,,,,,103,58,1804,105472,767.1018959850746,1514.641791044776,4.3064643174399996e-05,1.6122302822768688,0.013821259,0.13173828125,-3.18730942606926,1.1919796466827393,1020,0.2,-0.022650109219830482,0.4014636278152466,0.7983060330152512
,,,,,,104,58,1820,106496,767.1018959850746,1514.641791044776,4.2625257062400005e-05,2.4526652339845896,0.012062058,0.11279296875,-3.1880842417478563,1.1926124095916748,1030,0.2,-0.021937923441873862,1.1686880588531494,0.5084094405174255
3570.409417128649,0.15388774782790807,21.601321985155035,0.6739164622741881,3000.3633003165014,7.662192393736018,,,,,,,4.2188177817599996e-05,1.6103213906288147,0.015463181,0.1412109375,-3.19013085514307,1.1945382356643677,1040,0.2,-0.019785197818418965,0.11808770895004272,0.7289948761463165
,,,,,,105,58,1836,107520,808.326482264706,1570.264705882353,,,,,,,,,,,
1019.0658986043791,0.17523195148539783,21.219371925948863,0.636916186627737,990.3865563875297,2.055793991416309,,,,,,,4.175340543999999e-05,9.289248725026846,0.012514082,0.151953125,-3.1930305674672126,1.1959466934204102,1050,0.2,-0.007441982714226469,1.9994487762451172,0.34129637479782104
,,,,,,106,58,1852,108544,811.3801618840581,1570.6811594202898,,,,,,,,,,,
,,,,,,107,58,1869,109568,811.3801618840581,1570.6811594202898,4.13209399296e-05,8.305460572987794,0.010978593,0.10087890625,-3.194792103767395,1.196858525276184,1060,0.2,-0.012919203762430697,0.9912338256835938,0.4966610074043274
,,,,,,108,58,1885,110592,811.3801618840581,1570.6811594202898,4.089078128640001e-05,1.4706321459263563,0.011555389,0.14755859375,-3.197037234902382,1.1986488103866577,1070,0.2,-0.01988961312745232,0.3413197994232178,0.7739878296852112
,,,,,,109,58,1901,111616,811.3801618840581,1570.6811594202898,4.046292951039999e-05,1.8039639558643104,0.023274451,0.13486328125,-3.2001201674342155,1.200373888015747,1080,0.2,-0.021237456565722825,0.3829977512359619,0.7209392488002777
,,,,,,110,58,1917,112640,811.3801618840581,1570.6811594202898,4.00373846016e-05,2.609295280277729,0.010589589,0.11953125,-3.202209231257439,1.2007852792739868,1090,0.2,-0.023244233371224256,0.3850536644458771,0.7506138384342194
3560.8569399465714,0.14856621808058226,21.345730849435846,0.6839909604200098,3021.373192918254,8.003436426116838,,,,,,,3.961414656000001e-05,3.0662252590060235,0.011988479,0.1048828125,-3.2030520305037498,1.2020909786224365,1100,0.2,-0.022269991179928183,1.542986273765564,0.706123411655426
,,,,,,111,58,1934,113664,850.6584015714286,1622.6,,,,,,,,,,,
,,,,,,112,58,1951,114688,850.6584015714286,1622.6,3.919321538560001e-05,7.5520521275699135,0.008023163,0.08271484375,-3.2056387782096865,1.2037893533706665,1110,0.2,-0.013150344515452161,0.7080040574073792,0.48737019300460815
,,,,,,113,58,1966,115712,850.6584015714286,1622.6,3.8774591078399996e-05,1.9559603802859784,0.017253099,0.1259765625,-3.2092051610350607,1.2062915563583374,1120,0.2,-0.013904288940830156,0.38051170110702515,0.7116049528121948
,,,,,,114,58,1982,116736,850.6584015714286,1622.6,3.8358273638400006e-05,1.517046308144927,0.012438081,0.133984375,-3.212326954305172,1.2078049182891846,1130,0.2,-0.01700486313784495,0.16306282579898834,0.6668039858341217
,,,,,,115,58,1999,117760,850.6584015714286,1622.6,3.79442630656e-05,0.9451404256746173,0.01444022,0.1630859375,-3.213842988014221,1.2081918716430664,1140,0.2,-0.022617552219890057,0.03907918930053711,0.662217915058136
,,,,,,116,58,2014,118784,850.6584015714286,1622.6,3.753255935999999e-05,0.9516601772978902,0.0127124265,0.140234375,-3.2158976405858994,1.2102839946746826,1150,0.2,-0.01841248256387189,0.15938135981559753,0.8090697377920151
3985.0968986854537,0.12431505616539049,21.337526684151836,0.7270747853832246,3000.427494068397,4.749445676274944,,,,,,,3.71231625216e-05,1.9504090573638677,0.013544826,0.1255859375,-3.2191722974181176,1.2120540142059326,1160,0.2,-0.013967903784941883,0.40529388189315796,0.8058715015649796
,,,,,,117,58,2030,119808,894.8049225915493,1676.9295774647887,,,,,,,,,,,
,,,,,,118,59,2047,120832,894.8049225915493,1676.9295774647887,3.6716072550400006e-05,9.778453654050827,0.0077027455,0.08896484375,-3.221097159385681,1.2126274108886719,1170,0.2,-0.015894642868079244,3.320929527282715,0.42483311891555786
,,,,,,119,59,2062,121856,894.8049225915493,1676.9295774647887,3.63112894464e-05,2.1683188807219267,0.010709468,0.10009765625,-3.221899080276489,1.213066577911377,1180,0.2,-0.02295200218213722,0.4952644407749176,0.5911186635494232
,,,,,,120,59,2078,122880,894.8049225915493,1676.9295774647887,3.5908813209599997e-05,1.2800913386046886,0.010748894,0.12666015625,-3.2239201068878174,1.2149872779846191,1190,0.2,-0.02537740265834145,0.2995595932006836,0.7989406287670135
,,,,,,121,59,2093,123904,894.8049225915493,1676.9295774647887,3.5508643840000004e-05,1.0932581694796681,0.01264198,0.1345703125,-3.2279383569955824,1.217816710472107,1200,0.2,-0.019826931942952798,0.04090707004070282,0.8469418883323669
3494.7137368136155,0.1236314208338837,21.627070078970444,0.7178951801178339,3000.2265041032806,6.548179871520342,,,,,,,3.51107813376e-05,1.24967261813581,0.012736888,0.1255859375,-3.2309065997600555,1.2185912132263184,1210,0.2,-0.027486416028114035,0.2153559923171997,0.8149064183235168
,,,,,,122,59,2109,124928,930.9142647638889,1721.236111111111,,,,,,,,,,,
,,,,,,123,59,2125,125952,930.9142647638889,1721.236111111111,3.4715225702399996e-05,9.143216885626316,0.004048448,0.03857421875,-3.231732766330242,1.2191402912139893,1220,0.2,-0.007988496136385947,3.167999029159546,0.3712114095687866
,,,,,,124,59,2141,126976,930.9142647638889,1721.236111111111,3.43219769344e-05,1.8050071697682142,0.0128589645,0.09326171875,-3.2325620636343957,1.21952223777771,1230,0.2,-0.01651358902454376,0.47470515966415405,0.6015428304672241
,,,,,,125,59,2157,128000,930.9142647638889,1721.236111111111,3.393103503360001e-05,1.4672418229281903,0.011247734,0.15888671875,-3.2345227554440497,1.2217977046966553,1240,0.2,-0.018987977242795752,0.27305349707603455,0.5535697638988495
,,,,,,126,59,2172,129024,930.9142647638889,1721.236111111111,3.354239999999999e-05,1.9073457702994348,0.01200309,0.09560546875,-3.2380937948822974,1.2239809036254883,1250,0.2,-0.02024695314466953,0.685366153717041,0.6218215525150299
3874.3919976974416,0.12155066867058936,21.314699670787235,0.7228343279286271,3000.070272677345,8.16564417177914,,,,,,,3.31560718336e-05,1.4685609752312303,0.008718604,0.1,-3.2407339930534365,1.224856972694397,1260,0.2,-0.018906398734543473,0.3628024160861969,0.5144249200820923
,,,,,,127,59,2189,130048,971.2353819452056,1771.0684931506848,,,,,,,,,,,
,,,,,,128,59,2206,131072,971.2353819452056,1771.0684931506848,3.277205053440001e-05,7.197228179872036,0.010755895,0.0638671875,-3.2420795768499375,1.225588083267212,1270,0.2,-0.011785149096976966,3.125849723815918,0.3881784677505493
,,,,,,129,59,2222,132096,971.2353819452056,1771.0684931506848,3.23903361024e-05,2.5545258171856404,0.00899103,0.0966796875,-3.2429803997278213,1.2260769605636597,1280,0.2,-0.01607255170820281,1.1597931385040283,0.47787630558013916
,,,,,,130,59,2238,133120,971.2353819452056,1771.0684931506848,3.201092853759999e-05,1.3319208342581987,0.013871221,0.106640625,-3.24488136023283,1.2277746200561523,1290,0.2,-0.020129509482649154,0.3788544535636902,0.644652247428894
,,,,,,131,59,2253,134144,971.2353819452056,1771.0684931506848,3.163382784e-05,0.8521753454580903,0.024370896,0.11396484375,-3.2467456683516502,1.2285270690917969,1300,0.2,-0.018962984287645666,0.03786209225654602,0.4289235472679138
3931.0411622089423,0.12124777628473771,21.380756520167584,0.726356460127299,3000.223411450861,7.438235294117647,,,,,,,3.12590340096e-05,0.7064966093748808,0.018349443,0.17685546875,-3.249577258527279,1.2315471172332764,1310,0.2,-0.024018005467951298,0.01587022840976715,0.801485687494278
,,,,,,132,59,2269,135168,1011.2327573513514,1820.2567567567567,,,,,,,,,,,
,,,,,,133,59,2288,136192,1011.2327573513514,1820.2567567567567,3.0886547046399996e-05,10.677626771852374,0.0075826542,0.09140625,-3.2530902922153473,1.232912540435791,1320,0.2,-0.01587947767111473,1.6693122386932373,0.28387272357940674
,,,,,,134,59,2313,137216,1011.2327573513514,1820.2567567567567,3.0516366950400008e-05,1.1728808611631394,0.010976005,0.11875,-3.2544529870152474,1.233367919921875,1330,0.2,-0.019695769099052997,0.17110338807106018,0.6717480719089508
,,,,,,135,59,2335,138240,1011.2327573513514,1820.2567567567567,3.0148493721600014e-05,1.4859389454126357,0.010483073,0.12060546875,-3.2555728659033774,1.2344131469726562,1340,0.2,-0.01942740871454589,0.18836089968681335,0.5892566740512848
,,,,,,136,58,2360,139264,1011.2327573513514,1820.2567567567567,2.9782927360000003e-05,1.4756646152585744,0.008200385,0.1138671875,-3.2578146934509276,1.23628830909729,1350,0.2,-0.015705297741806134,0.12757137417793274,0.4245140552520752
,,,,,,137,58,2384,140288,1011.2327573513514,1820.2567567567567,2.9419667865600003e-05,1.5286338623613118,0.009087054,0.112890625,-3.2612862676382064,1.2385644912719727,1360,0.2,-0.014813518099253997,0.6201085448265076,0.7453428208827972
4229.589201960112,0.1168811314842953,20.829320113728453,0.72201932433597,3000.0553514673375,7.776699029126213,,,,,,,2.905871523840001e-05,1.0644487241283058,0.013257398,0.13544921875,-3.2640163123607637,1.2395952939987183,1370,0.2,-0.02141461397986859,0.2810914218425751,0.8076962381601334
,,,,,,138,58,2404,141312,1054.1441766133335,1874.08,,,,,,,,,,,
,,,,,,139,58,2419,142336,1054.1441766133335,1874.08,2.8700069478400006e-05,8.155770185589791,0.008987442,0.06142578125,-3.2655565276741982,1.2405359745025635,1380,0.2,-0.015515850158408284,1.207520604133606,0.4515543580055237
,,,,,,140,58,2435,143360,1054.1441766133335,1874.08,2.8343730585599995e-05,1.6623159676790238,0.008167109,0.07275390625,-3.2670154005289076,1.2411515712738037,1390,0.2,-0.01645147512317635,0.14061421155929565,0.6735601425170898
,,,,,,141,58,2451,144384,1054.1441766133335,1874.08,2.7989698560000006e-05,0.8987456066533923,0.013861404,0.09990234375,-3.2671100735664367,1.240734577178955,1400,0.2,-0.015699316252721474,0.1923372447490692,0.7401234209537506
,,,,,,142,58,2467,145408,1054.1441766133335,1874.08,2.763797340160001e-05,0.8267489628866315,0.007179705,0.07568359375,-3.266943024098873,1.2414755821228027,1410,0.2,-0.01630674708285369,0.05450710654258728,0.8553402721881866
4288.755757687026,0.10364477683731964,21.464658818944375,0.7616330594365167,3000.2366253021173,6.042979942693409,,,,,,,2.7288555110400006e-05,1.3904685396701097,0.007881588,0.0755859375,-3.268143694102764,1.242232084274292,1420,0.2,-0.017389547365019097,0.6679637432098389,0.6938253343105316
,,,,,,143,58,2483,146432,1096.7043897894737,1923.5,,,,,,,,,,,
,,,,,,144,58,2500,147456,1096.7043897894737,1923.5,2.69414436864e-05,7.981785480678082,0.0058720503,0.04501953125,-3.2694416612386705,1.2431178092956543,1430,0.2,-0.010092584235826508,9.067514419555664,0.32463252544403076
,,,,,,145,58,2517,148480,1096.7043897894737,1923.5,2.659663912960001e-05,2.0728577110916375,0.007997145,0.10634765625,-3.2704138696193694,1.2435240745544434,1440,0.2,-0.013935384177602827,0.7077527642250061,0.6616941690444946
,,,,,,146,59,2533,149504,1096.7043897894737,1923.5,2.6254141440000005e-05,2.462745924293995,0.010421714,0.08896484375,-3.270892384648323,1.2438819408416748,1450,0.2,-0.018438908673124386,0.6010453701019287,0.7872730046510696
,,,,,,147,59,2549,150528,1096.7043897894737,1923.5,2.59139506176e-05,1.6895441312342883,0.012118581,0.09853515625,-3.2716092616319656,1.2443960905075073,1460,0.2,-0.020452350820414723,0.4881349205970764,0.770828127861023
3621.559349463277,0.10645991421405666,21.52643217748781,0.7363886436484907,3000.3250303938985,7.622905027932961,,,,,,,2.5576066662400003e-05,1.9290793795138597,0.007898202,0.098046875,-3.2725453183054922,1.2450108528137207,1470,0.2,-0.019138206908246504,0.5747553110122681,0.7649374008178711
,,,,,,148,59,2566,151552,1129.494713935065,1962.3766233766235,,,,,,,,,,,
,,,,,,149,59,2581,152576,1129.494713935065,1962.3766233766235,2.52404895744e-05,11.0592053078115,0.0060998183,0.05439453125,-3.272912639379501,1.2448172569274902,1480,0.2,-0.012077290308661759,6.282723426818848,0.39995694160461426
,,,,,,150,59,2597,153600,1129.494713935065,1962.3766233766235,2.4907219353600005e-05,1.5305964719504117,0.010123203,0.10869140625,-3.273931659758091,1.2463092803955078,1490,0.2,-0.016931579005904494,0.36725205183029175,0.548712432384491
,,,,,,151,59,2613,154624,1129.494713935065,1962.3766233766235,2.4576256000000004e-05,1.1242029370740056,0.006659681,0.0732421875,-3.275298723578453,1.2463946342468262,1500,0.2,-0.016041828715242446,0.14159783720970154,0.6295124888420105
,,,,,,152,59,2629,155648,1129.494713935065,1962.3766233766235,2.4247599513600005e-05,1.6118536543101072,0.006671057,0.07080078125,-3.2758739799261094,1.2474160194396973,1510,0.2,-0.01180377722484991,0.6595374345779419,0.6867654025554657
3964.20061280735,0.09619415914917818,21.669067067359165,0.7646991922853684,3000.0160828330554,6.2492012779552715,,,,,,,2.3921249894400007e-05,1.2668518751859665,0.011795235,0.1119140625,-3.277539475262165,1.248110055923462,1520,0.2,-0.020575662996270692,0.10501803457736969,0.6592724323272705
,,,,,,153,59,2647,156672,1165.8366334358975,2003.6666666666667,,,,,,,,,,,
,,,,,,154,59,2662,157696,1165.8366334358975,2003.6666666666667,2.3597207142400002e-05,13.745056018978357,0.009480121,0.0931640625,-3.2785318553447724,1.2487456798553467,1530,0.2,-0.011471089813858271,4.844066143035889,0.3188544511795044
,,,,,,155,59,2678,158720,1165.8366334358975,2003.6666666666667,2.3275471257600004e-05,1.1920198922976852,0.0105093885,0.10078125,-3.2792927280068396,1.2491793632507324,1540,0.2,-0.014676684973528609,0.21584245562553406,0.6495282649993896
,,,,,,156,59,2694,159744,1165.8366334358975,2003.6666666666667,2.2956042240000003e-05,1.4502003418281675,0.009916296,0.09033203125,-3.280603414773941,1.2500356435775757,1550,0.2,-0.016286532016238198,0.09941557049751282,0.7078906297683716
,,,,,,157,59,2711,160768,1165.8366334358975,2003.6666666666667,2.2638920089600008e-05,1.3012922048568725,0.015228633,0.10751953125,-3.280564883351326,1.249250054359436,1560,0.2,-0.017049095901893453,0.1671159863471985,0.7123335003852844
4213.164329258042,0.09200244172004608,21.412525160755937,0.7651951197344791,3146.9874915929977,8.006756756756756,,,,,,,2.23241048064e-05,2.3549998313188554,0.0071129897,0.10625,-3.2798775523900985,1.2492856979370117,1570,0.2,-0.015602166287135334,1.205248475074768,0.676610916852951
,,,,,,158,59,2726,161792,1204.4099517341774,2047.987341772152,,,,,,,,,,,
,,,,,,159,59,2741,162816,1204.4099517341774,2047.987341772152,2.2011596390400003e-05,9.208907500654458,0.005346411,0.070703125,-3.2803782925009726,1.2496349811553955,1580,0.2,-0.010164644889300689,0.5277613997459412,0.35717082023620605
,,,,,,160,59,2757,163840,1204.4099517341774,2047.987341772152,2.1701394841600006e-05,2.3976752132177355,0.008981335,0.06064453125,-3.281756339967251,1.2510998249053955,1590,0.2,-0.013077880843775347,0.4846175014972687,0.7728703171014786
,,,,,,161,59,2773,164864,1204.4099517341774,2047.987341772152,2.1393500159999998e-05,1.4445269737392663,0.014579695,0.12001953125,-3.2834214001893995,1.251706600189209,1600,0.2,-0.014172640448668972,0.3009029030799866,0.7327194809913635
,,,,,,162,59,2788,165888,1204.4099517341774,2047.987341772152,2.1087912345600008e-05,1.7948151521384716,0.005171966,0.05849609375,-3.2844405442476274,1.252249002456665,1610,0.2,-0.014819627860561013,0.5253763198852539,0.7854755073785782
,,,,,,163,59,2805,166912,1204.4099517341774,2047.987341772152,2.07846313984e-05,1.0550719559192658,0.00875571,0.0625,-3.2852470934391023,1.2530653476715088,1620,0.2,-0.01813399093807675,0.1463283896446228,0.7898452132940292
4466.526167044996,0.08974752225394084,21.68771835424632,0.7677081758413538,3000.0717048845254,6.006122448979592,,,,,,,2.04836573184e-05,0.9827525015920401,0.013534737,0.1251953125,-3.286294309794903,1.253641128540039,1630,0.2,-0.017202197771985082,0.052542030811309814,0.887751892209053
,,,,,,164,59,2821,167936,1245.1859522,2095.1,,,,,,,,,,,
,,,,,,165,59,2836,168960,1245.1859522,2095.1,2.0184990105600004e-05,11.805378634482622,0.004005774,0.09697265625,-3.286965738236904,1.2538979053497314,1640,0.2,-0.00826126883039251,13.57260799407959,0.2750965356826782
,,,,,,166,59,2853,169984,1245.1859522,2095.1,1.9888629759999997e-05,1.2000802993774413,0.0090297125,0.0767578125,-3.2879235938191416,1.2548072338104248,1650,0.2,-0.017463467351626606,0.12130528688430786,0.7631563097238541
,,,,,,167,59,2868,171008,1245.1859522,2095.1,1.9594576281600004e-05,1.73297917842865,0.0069307955,0.077734375,-3.2884191930294038,1.2547332048416138,1660,0.2,-0.01570253787795082,1.2563601732254028,0.624234139919281
,,,,,,168,59,2884,172032,1245.1859522,2095.1,1.93028296704e-05,1.1488101113587619,0.010137385,0.0900390625,-3.2883801773190497,1.2549149990081787,1670,0.2,-0.016279044130351396,0.1294836401939392,0.7586660087108612
,,,,,,169,59,2900,173056,1245.1859522,2095.1,1.9013389926400005e-05,1.3862505050376057,0.010047431,0.08759765625,-3.288897606730461,1.255467176437378,1680,0.2,-0.015680154517758636,0.40411660075187683,0.7308255136013031
4293.074602717523,0.09482233204934407,21.306441241223332,0.7670313744358626,3000.0108140655793,9.575057736720554,,,,,,,1.8726257049600003e-05,1.5543248921632766,0.0083214175,0.07578125,-3.290629208087921,1.257267951965332,1690,0.2,-0.01677084758412093,0.6305780410766602,0.7948795557022095
,,,,,,170,59,2916,174080,1282.8137604938272,2138.320987654321,,,,,,,,,,,
,,,,,,171,59,2932,175104,1282.8137604938272,2138.320987654321,1.844143104e-05,8.831506712734699,0.0042034136,0.04658203125,-3.292852836847305,1.2580177783966064,1700,0.2,-0.010708452865947038,8.244013786315918,0.4098929166793823
,,,,,,172,59,2948,176128,1282.8137604938272,2138.320987654321,1.81589118976e-05,2.429923811927438,0.009264549,0.05048828125,-3.2939748391509056,1.2586727142333984,1710,0.2,-0.015540901274653152,0.8941269516944885,0.7196576297283173
,,,,,,173,59,2964,177152,1282.8137604938272,2138.320987654321,1.7878699622400002e-05,0.8688040876761078,0.007760601,0.07783203125,-3.294634671509266,1.258864164352417,1720,0.2,-0.014832827495411038,0.1280921995639801,0.8289731591939926
,,,,,,174,59,2979,178176,1282.8137604938272,2138.320987654321,1.7600794214400003e-05,1.5181690003722905,0.008370948,0.0751953125,-3.2951654955744742,1.2594242095947266,1730,0.2,-0.014690536103444174,0.2223660945892334,0.6344502568244934
,,,,,,175,59,2995,179200,1282.8137604938272,2138.320987654321,1.7325195673600005e-05,0.993015500344336,0.006194427,0.0796875,-3.2963695034384726,1.2603344917297363,1740,0.2,-0.014404294395353645,0.2760823965072632,0.5832502841949463
4807.03119724419,0.09044614668369481,21.859055733538685,0.7760786563196947,3000.353357113898,5.961414790996785,,,,,,,1.7051903999999996e-05,1.9894035674631596,0.006093476,0.07421875,-3.2975614607334136,1.2609024047851562,1750,0.2,-0.012509973504347727,0.40421193838119507,0.734272688627243
,,,,,,176,59,3011,180224,1325.7920219146342,2187.768292682927,,,,,,,,,,,
,,,,,,177,59,3026,181248,1325.7920219146342,2187.768292682927,1.67809191936e-05,9.434879164397717,0.003478753,0.0798828125,-3.298581023514271,1.2616302967071533,1760,0.2,-0.00936676129931584,1.7113744020462036,0.42516547441482544
,,,,,,178,59,3042,182272,1325.7920219146342,2187.768292682927,1.6512241254400003e-05,3.076548410579562,0.0040729493,0.04677734375,-3.29953219294548,1.2621428966522217,1770,0.2,-0.0124519961012993,0.3252364993095398,0.6063497960567474
,,,,,,179,59,3057,183296,1325.7920219146342,2187.768292682927,1.6245870182400005e-05,0.9487149864435196,0.009709021,0.08154296875,-3.3001831397414207,1.2622897624969482,1780,0.2,-0.014968203695025295,0.19733697175979614,0.671226441860199
,,,,,,180,59,3073,184320,1325.7920219146342,2187.768292682927,1.59818059776e-05,1.2432419791817666,0.008453945,0.12509765625,-3.300307160615921,1.2624986171722412,1790,0.2,-0.01921498596202582,0.62483149766922,0.7030604183673859
3977.820590522193,0.10013796644680978,21.6342037180165,0.7562396559928124,3000.188460664125,8.167785234899329,,,,,,,1.5720048640000006e-05,2.246829092875123,0.0052766907,0.04140625,-3.301437757909298,1.2635087966918945,1800,0.2,-0.010051714919973165,0.33129194378852844,0.597913533449173
,,,,,,181,59,3091,185344,1357.7441733493977,2224.7710843373493,,,,,,,,,,,
,,,,,,182,59,3107,186368,1357.7441733493977,2224.7710843373493,1.54605981696e-05,10.444837372004987,0.0046064737,0.04443359375,-3.3026915550231934,1.264138102531433,1810,0.2,-0.00806285422295332,3.0887696743011475,0.4064289927482605
,,,,,,183,60,3122,187392,1357.7441733493977,2224.7710843373493,1.5203454566399999e-05,1.4596860222518444,0.00915649,0.07958984375,-3.3037214308977125,1.264949083328247,1820,0.2,-0.01718147936044261,0.2863309979438782,0.7469384372234344
,,,,,,184,60,3138,188416,1357.7441733493977,2224.7710843373493,1.4948617830400005e-05,1.403393939509988,0.0059037427,0.04951171875,-3.3054350659251215,1.2662010192871094,1830,0.2,-0.014962888823356479,0.35257813334465027,0.7132355868816376
,,,,,,185,60,3154,189440,1357.7441733493977,2224.7710843373493,1.4696087961599997e-05,1.5225551009178162,0.0069460655,0.04921875,-3.3069176241755485,1.266850233078003,1840,0.2,-0.016218857737840153,0.9176763296127319,0.6772474646568298
3885.599765055932,0.1005165190829767,21.2950676408857,0.7563947372115889,3000.0455241190502,7.366492146596858,,,,,,,1.4445864960000005e-05,1.4970433259382845,0.0065543638,0.08359375,-3.307804171741009,1.267449140548706,1850,0.2,-0.014569899369962513,1.190112829208374,0.6969342827796936
,,,,,,186,60,3171,190464,1387.837272547619,2259.4285714285716,,,,,,,,,,,
,,,,,,187,60,3187,191488,1387.837272547619,2259.4285714285716,1.4197948825600005e-05,9.744375616312027,0.006472515,0.06689453125,-3.3083967849612237,1.267661690711975,1860,0.2,-0.009745296917390078,3.687183141708374,0.310993492603302
,,,,,,188,60,3203,192512,1387.837272547619,2259.4285714285716,1.3952339558400001e-05,1.1698362996801734,0.0073415777,0.06884765625,-3.3087659612298013,1.2679494619369507,1870,0.2,-0.01385500727337785,0.7235835790634155,0.7198482751846313
,,,,,,189,60,3218,193536,1387.837272547619,2259.4285714285716,1.3709037158400003e-05,2.224077260121703,0.0039227204,0.06591796875,-3.3090295523405073,1.2679743766784668,1880,0.2,-0.01576628356706351,0.4879721999168396,0.7730113863945007
,,,,,,190,60,3235,194560,1387.837272547619,2259.4285714285716,1.3468041625599998e-05,1.9965864628553391,0.0051987516,0.0494140625,-3.309505920112133,1.2685904502868652,1890,0.2,-0.010934784734854475,0.5367149710655212,0.7999238967895508
,,,,,,191,60,3250,195584,1387.837272547619,2259.4285714285716,1.3229352960000003e-05,1.4743910994380713,0.005399298,0.03310546875,-3.3100853309035303,1.2687220573425293,1900,0.2,-0.014861305168597027,0.33198267221450806,0.7169051170349121
4808.4404415115805,0.0929061319139761,21.168801825565097,0.7776872782648521,3000.2329914564034,6.657223796033994,,,,,,,1.2992971161600002e-05,1.4274919465184213,0.0073639993,0.0591796875,-3.3101650580763815,1.268728494644165,1910,0.2,-0.014847949403338135,0.22539907693862915,0.6357694864273071
,,,,,,192,60,3267,196608,1428.0796627764707,2305.576470588235,,,,,,,,,,,
,,,,,,193,60,3283,197632,1428.0796627764707,2305.576470588235,1.2758896230399999e-05,6.5775619223713875,0.004342624,0.02412109375,-3.31073946505785,1.2694268226623535,1920,0.2,-0.005719422234687954,0.34922531247138977,0.5408191680908203
,,,,,,194,60,3298,198656,1428.0796627764707,2305.576470588235,1.2527128166400003e-05,1.0320370331406594,0.005418613,0.0400390625,-3.3115873634815216,1.269721269607544,1930,0.2,-0.012738987558986992,0.2116464376449585,0.7059513330459595
,,,,,,195,60,3314,199680,1428.0796627764707,2305.576470588235,1.2297666969600002e-05,0.713848807103932,0.00849403,0.05703125,-3.311769872903824,1.2697688341140747,1940,0.2,-0.019417018676176668,0.05700862407684326,0.8213867992162704
,,,,,,196,60,3330,200704,1428.0796627764707,2305.576470588235,1.2070512640000003e-05,1.6643473826348782,0.004585375,0.06259765625,-3.3116954162716867,1.2697268724441528,1950,0.2,-0.01341757423360832,0.9062743186950684,0.7490818798542023
4528.849834238778,0.08123972802093374,21.09211252675625,0.7934214846248736,3124.0485341115855,7.003246753246753,,,,,,,1.18456651776e-05,1.993189263343811,0.007479756,0.0818359375,-3.3119605243206025,1.2702741622924805,1960,0.2,-0.016474400548031554,0.5488851070404053,0.6201764345169067
,,,,,,197,60,3347,201728,1464.135129883721,2345.1279069767443,,,,,,,,,,,
,,,,,,198,60,3363,202752,1464.135129883721,2345.1279069767443,1.1623124582400005e-05,9.419221179559827,0.0039756596,0.06650390625,-3.3126499369740485,1.2706079483032227,1970,0.2,-0.006342222745297476,3.7941691875457764,0.359236478805542
,,,,,,199,60,3378,203776,1464.135129883721,2345.1279069767443,1.1402890854400001e-05,1.2555909806862473,0.0057818503,0.03876953125,-3.3132135942578316,1.2708697319030762,1980,0.2,-0.01209036455838941,0.15042883157730103,0.7473511397838593
,,,,,,200,60,3394,204800,1464.135129883721,2345.1279069767443,1.1184963993599999e-05,1.3260719921439885,0.0046976376,0.03896484375,-3.313459333777428,1.2710354328155518,1990,0.2,-0.011539212369825691,0.2392495572566986,0.7264896035194397
,,,,,,201,60,3411,205824,1464.135129883721,2345.1279069767443,1.0969344000000004e-05,1.1043280202895402,0.005095996,0.05556640625,-3.3138269662857054,1.2714874744415283,2000,0.2,-0.01568863875581883,0.22878175973892212,0.7860196679830551
,,,,,,202,60,3426,206848,1464.135129883721,2345.1279069767443,1.0756030873600002e-05,1.505792422220111,0.005584919,0.0453125,-3.314825175702572,1.2723772525787354,2010,0.2,-0.015220609243260696,0.34407877922058105,0.7767386883497238
4328.629785254933,0.08474363357067899,21.56285803379955,0.783178900896496,3000.135305373231,6.098265895953757,,,,,,,1.0545024614400004e-05,1.5719292804598808,0.0072270697,0.04384765625,-3.3157689049839973,1.2726960182189941,2020,0.2,-0.01700140715111047,0.28048837184906006,0.6950409710407257
,,,,,,203,60,3443,207872,1497.0599399540229,2381.689655172414,,,,,,,,,,,
,,,,,,204,60,3458,208896,1497.0599399540229,2381.689655172414,1.0336325222400003e-05,9.58420851752162,0.003130633,0.01728515625,-3.3163259387016297,1.2731201648712158,2030,0.2,-0.004285777721088379,8.101545333862305,0.41223353147506714
,,,,,,205,60,3474,209920,1497.0599399540229,2381.689655172414,1.0129932697599996e-05,1.358728663250804,0.004115192,0.0369140625,-3.317150890827179,1.2737807035446167,2040,0.2,-0.013880207162583248,0.21063360571861267,0.6381078064441681
,,,,,,206,60,3490,210944,1497.0599399540229,2381.689655172414,9.925847040000004e-06,0.9480212980881333,0.0036366943,0.0376953125,-3.318170666694641,1.2742664813995361,2050,0.2,-0.012985044420929626,0.3699415922164917,0.81728096306324
,,,,,,207,60,3505,211968,1497.0599399540229,2381.689655172414,9.7240682496e-06,1.1524692326784134,0.0050695697,0.06376953125,-3.3184874176979067,1.2741079330444336,2060,0.2,-0.014060997107299045,0.6956843733787537,0.7154943346977234
4136.1918623861475,0.08043207151287032,21.920168591439687,0.791010109463788,3000.1264732088894,6.619205298013245,,,,,,,9.524596326400007e-06,1.0903529802337288,0.0045078853,0.0373046875,-3.318828973174095,1.274836778640747,2070,0.2,-0.013116384315071627,0.047583386301994324,0.6587095856666565
,,,,,,208,60,3522,212992,1527.0496643068182,2414.034090909091,,,,,,,,,,,
,,,,,,209,60,3538,214016,1527.0496643068182,2414.034090909091,9.327431270400001e-06,11.218935680389404,0.004944966,0.058203125,-3.3197568356990814,1.2751426696777344,2080,0.2,-0.007525109767448157,4.444662094116211,0.4332210421562195
,,,,,,210,60,3554,215040,1527.0496643068182,2414.034090909091,9.132573081600007e-06,1.0813090870156885,0.005073089,0.0337890625,-3.320342707633972,1.275681734085083,2090,0.2,-0.013204598741140217,0.32986459136009216,0.7279120087623596
,,,,,,211,60,3570,216064,1527.0496643068182,2414.034090909091,8.94002176e-06,1.6097334198653699,0.0034265108,0.02568359375,-3.3212356001138685,1.2762835025787354,2100,0.2,-0.00993826154153794,0.8063473701477051,0.628859281539917
,,,,,,212,60,3586,217088,1527.0496643068182,2414.034090909091,8.749777305599998e-06,0.561231523193419,0.006667937,0.04169921875,-3.3220792338252068,1.27671217918396,2110,0.2,-0.013303818251006305,0.07479099929332733,0.8433665484189987
4452.7747806496545,0.07784831724403592,21.97471595430263,0.7985607569314301,3067.6635383754037,8.003086419753087,,,,,,,8.5618397184e-06,2.580369621515274,0.0055751987,0.07568359375,-3.3224691689014434,1.276792287826538,2120,0.2,-0.011705569754121825,1.0987422466278076,0.7311333417892456
,,,,,,213,60,3603,218112,1559.9225737191011,2449.550561797753,,,,,,,,,,,
,,,,,,214,60,3619,219136,1559.9225737191011,2449.550561797753,8.3762089984e-06,11.199057568237185,0.0053455476,0.041796875,-3.322658208012581,1.276991367340088,2130,0.2,-0.005695944168837741,1.7524510622024536,0.21212458610534668
,,,,,,215,60,3635,220160,1559.9225737191011,2449.550561797753,8.192885145600001e-06,1.6475756529718637,0.0034221965,0.03525390625,-3.3231684058904647,1.2774266004562378,2140,0.2,-0.010468738462077454,0.6808710098266602,0.736208438873291
,,,,,,216,60,3650,221184,1559.9225737191011,2449.550561797753,8.011868160000002e-06,1.2077286705374717,0.0047822115,0.058984375,-3.3237366020679473,1.2778394222259521,2150,0.2,-0.013578033715020865,0.5727435946464539,0.6337229013442993
,,,,,,217,60,3665,222208,1559.9225737191011,2449.550561797753,7.8331580416e-06,1.2022077232599258,0.008843368,0.0470703125,-3.3242869108915327,1.278153419494629,2160,0.2,-0.010963675798848271,0.31359797716140747,0.7336235046386719
,,,,,,218,60,3680,223232,1559.9225737191011,2449.550561797753,7.656754790400004e-06,1.3544313415884972,0.0059909364,0.091015625,-3.3250332683324815,1.2787586450576782,2170,0.2,-0.011081555736018345,0.6823691129684448,0.6109733283519745
4323.448395185132,0.07535364560768983,21.92454757658646,0.7978314071203417,3000.396297083469,7.123762376237623,,,,,,,7.482658406399999e-06,1.1502373473718763,0.008437213,0.12158203125,-3.326124942302704,1.2796528339385986,2180,0.2,-0.013826919457642362,0.3273943066596985,0.5805104374885559
,,,,,,219,60,3697,224256,1590.6280141888888,2482.5333333333333,,,,,,,,,,,
,,,,,,220,60,3713,225280,1590.6280141888888,2482.5333333333333,7.3108688896000024e-06,14.042692772299052,0.0038029894,0.0291015625,-3.327014756202698,1.279818058013916,2190,0.2,-0.005173192807706073,4.2869553565979,0.07644778490066528
,,,,,,221,60,3729,226304,1590.6280141888888,2482.5333333333333,7.141386239999998e-06,1.0203103020787239,0.0049147718,0.04990234375,-3.327144119143486,1.2798786163330078,2200,0.2,-0.013632820773636922,0.042984023690223694,0.6180588006973267
,,,,,,222,60,3745,227328,1590.6280141888888,2482.5333333333333,6.9742104575999985e-06,1.2860064461827279,0.0039979825,0.04326171875,-3.327482222020626,1.2802727222442627,2210,0.2,-0.009430636913748458,0.6619206666946411,0.6978790163993835
,,,,,,223,60,3762,228352,1590.6280141888888,2482.5333333333333,6.8093415424000015e-06,1.2631545711308718,0.004990739,0.04169921875,-3.3281000956892965,1.2807114124298096,2220,0.2,-0.011106309754541143,0.3304980397224426,0.738713413476944
4761.7362611947865,0.06926236545393426,21.77103323929161,0.8109223878056516,3000.4675707140705,6.956521739130435,,,,,,,6.646779494399998e-06,1.3681348752230407,0.002945028,0.05029296875,-3.328503867983818,1.2807466983795166,2230,0.2,-0.00949674133444205,0.14951300621032715,0.7497157752513885
,,,,,,224,60,3778,229376,1625.4753575604395,2519.769230769231,,,,,,,,,,,
,,,,,,225,60,3794,230400,1625.4753575604395,2519.769230769231,6.486524313600002e-06,7.941673019528389,0.0044115745,0.03994140625,-3.328561970591545,1.280867338180542,2240,0.2,-0.005223480676067993,7.030405044555664,0.511880099773407
,,,,,,226,60,3812,231424,1625.4753575604395,2519.769230769231,6.328575999999999e-06,1.879803839325905,0.0028645867,0.0109375,-3.3288960948586466,1.2811849117279053,2250,0.2,-0.009105723723769188,0.7051840424537659,0.6653649508953094
,,,,,,227,60,3827,232448,1625.4753575604395,2519.769230769231,6.172934553600003e-06,1.9157730478793382,0.003262571,0.02509765625,-3.3294158414006234,1.2815210819244385,2260,0.2,-0.007228602291434072,0.5304553508758545,0.6967456638813019
,,,,,,228,60,3843,233472,1625.4753575604395,2519.769230769231,6.019599974400001e-06,0.7301438495516777,0.006185665,0.05400390625,-3.329923303425312,1.2818613052368164,2270,0.2,-0.010466889428789728,0.035720229148864746,0.7390596866607666
,,,,,,229,60,3859,234496,1625.4753575604395,2519.769230769231,5.868572262399998e-06,2.059594959765673,0.0037423405,0.0298828125,-3.330318443477154,1.2820870876312256,2280,0.2,-0.008138564875116572,0.7699978351593018,0.7749589830636978
4189.61450045735,0.07848868401993722,21.56647681758369,0.7963532599234652,3140.6440886743367,8.002544529262087,,,,,,,5.719851417600002e-06,0.8325848501175642,0.0033913676,0.05244140625,-3.330518774688244,1.2820851802825928,2290,0.2,-0.012031183700310066,0.09060919284820557,0.8160494267940521
,,,,,,230,60,3875,235520,1653.3460447608697,2549.554347826087,,,,,,,,,,,
,,,,,,231,60,3891,236544,1653.3460447608697,2549.554347826087,5.57343744e-06,11.842749796062709,0.002288287,0.0328125,-3.330468425154686,1.28206205368042,2300,0.2,-0.00308062705444172,0.6496492624282837,0.3216840624809265
,,,,,,232,60,3906,237568,1653.3460447608697,2549.554347826087,5.429330329600003e-06,1.9785119965672493,0.006724557,0.02265625,-3.3307928130030633,1.2824985980987549,2310,0.2,-0.007453050400363282,0.7693678140640259,0.6505216658115387
,,,,,,233,60,3923,238592,1653.3460447608697,2549.554347826087,5.287530086399999e-06,0.728815595805645,0.0062547484,0.04296875,-3.3312493324279786,1.2826275825500488,2320,0.2,-0.01144108727457933,0.09562541544437408,0.8264894932508469
,,,,,,234,60,3939,239616,1653.3460447608697,2549.554347826087,5.148036710399997e-06,1.4083960188552738,0.003992228,0.03349609375,-3.3313001289963724,1.2825641632080078,2330,0.2,-0.009764815715607255,0.43490660190582275,0.7636193633079529
,,,,,,235,60,3956,240640,1653.3460447608697,2549.554347826087,5.010850201600001e-06,1.6155892863869667,0.0046292967,0.04814453125,-3.3314689964056017,1.2828593254089355,2340,0.2,-0.008900451616500504,0.3263508081436157,0.6758743822574615
4953.791881361923,0.07763254956178858,21.69122541194087,0.7932412940531501,3000.0856647598557,7.433884297520661,,,,,,,4.875970559999999e-06,1.0097856573760509,0.004295917,0.02236328125,-3.3317624226212503,1.282914638519287,2350,0.2,-0.007219876954331994,0.21460802853107452,0.8428811877965927
,,,,,,236,60,3972,241664,1688.834320655914,2589.2795698924733,,,,,,,,,,,
,,,,,,237,60,3988,242688,1688.834320655914,2589.2795698924733,4.743397785600001e-06,11.898684096708894,0.0009080239,0.0,-3.3318967133760453,1.2830705642700195,2360,0.2,-0.0029486844199709595,6.0225958824157715,0.3082655668258667
,,,,,,238,60,4003,243712,1688.834320655914,2589.2795698924733,4.613131878399999e-06,1.6043774478137494,0.002648441,0.0154296875,-3.3321114227175714,1.2832002639770508,2370,0.2,-0.005294518521986901,0.7375977635383606,0.7199697494506836
,,,,,,239,60,4020,244736,1688.834320655914,2589.2795698924733,4.485172838400003e-06,1.1286478443071246,0.003364401,0.010546875,-3.3323770731687548,1.283360242843628,2380,0.2,-0.007075057417387143,0.424423485994339,0.738038033246994
,,,,,,240,60,4035,245760,1688.834320655914,2589.2795698924733,4.359520665600001e-06,1.3189742036163807,0.005012705,0.02978515625,-3.332551547884941,1.2834467887878418,2390,0.2,-0.00828386282082647,0.3580475449562073,0.8044800907373428
4694.822757448676,0.07258563536388196,21.788326697457805,0.7974898517833662,3158.7240406153724,6.002570694087404,,,,,,,4.236175359999999e-06,1.3600199293345212,0.0032229815,0.0166015625,-3.332846674323082,1.2837600708007812,2400,0.2,-0.005478777387179434,0.39203375577926636,0.6836907863616943
,,,,,,241,60,4052,246784,1720.8125450744683,2624.351063829787,,,,,,,,,,,
,,,,,,242,60,4068,247808,1720.8125450744683,2624.351063829787,4.1151369216e-06,9.743590204790234,0.005953303,0.025,-3.3332568541169167,1.2839365005493164,2410,0.2,-0.004949995718197897,8.522789001464844,0.41398799419403076
,,,,,,243,60,4084,248832,1720.8125450744683,2624.351063829787,3.996405350399999e-06,2.1634659647941588,0.0045707505,0.02841796875,-3.3335907772183417,1.284242868423462,2420,0.2,-0.004797669430263341,0.616776704788208,0.6975216567516327
,,,,,,244,60,4100,249856,1720.8125450744683,2624.351063829787,3.8799806464000016e-06,1.2375291753560305,0.0047474527,0.03916015625,-3.333889801800251,1.2842594385147095,2430,0.2,-0.009455472347326577,0.688612699508667,0.7591071277856827
,,,,,,245,60,4115,250880,1720.8125450744683,2624.351063829787,3.7658628096e-06,1.9553223017603159,0.0015494528,0.0244140625,-3.3340162590146063,1.2844610214233398,2440,0.2,-0.005327805964043364,0.5649049282073975,0.6355315148830414
,,,,,,246,60,4131,251904,1720.8125450744683,2624.351063829787,3.6540518399999984e-06,1.2804059688001872,0.0042400216,0.0255859375,-3.3343169048428534,1.284668207168579,2450,0.2,-0.00820459199603647,0.3623485565185547,0.7761696130037308
4833.950233572193,0.07391220595925699,21.3996359001124,0.8016501216537633,3000.173657352105,7.960880195599022,,,,,,,3.5445477376000004e-06,2.0692423813045027,0.0057147816,0.0421875,-3.3345508143305778,1.2847588062286377,2460,0.2,-0.008907068008556961,0.344299852848053,0.5371151864528656
,,,,,,247,60,4147,252928,1753.5820346526318,2660.1894736842105,,,,,,,,,,,
,,,,,,248,60,4163,253952,1753.5820346526318,2660.1894736842105,3.437350502399999e-06,8.286915219947696,0.0036062947,0.01005859375,-3.3347883403301237,1.2849761247634888,2470,0.2,-0.005270448164083064,0.7884323596954346,0.3732948303222656
,,,,,,249,61,4179,254976,1753.5820346526318,2660.1894736842105,3.3324601344000014e-06,0.6515563990920782,0.006163275,0.04462890625,-3.335013969242573,1.285029649734497,2480,0.2,-0.008827775088138878,0.11460712552070618,0.8827370777726173
,,,,,,250,61,4195,256000,1753.5820346526318,2660.1894736842105,3.2298766335999996e-06,1.125085236504674,0.0036395842,0.0328125,-3.335015873610973,1.2850077152252197,2490,0.2,-0.009596663661068306,0.22216737270355225,0.7017878293991089
,,,,,,251,61,4211,257024,1753.5820346526318,2660.1894736842105,3.129599999999999e-06,0.954001666791737,0.0040681087,0.01376953125,-3.3351112827658653,1.2851449251174927,2500,0.2,-0.005571460886858404,-0.029495075345039368,0.7189274728298187
,,,,,,252,61,4226,258048,1753.5820346526318,2660.1894736842105,3.0316302336000007e-06,1.2981798857450486,0.0046344493,0.02734375,-3.3353344783186913,1.2852782011032104,2510,0.2,-0.007427463337080553,0.29528582096099854,0.8228574395179749
4857.956898271494,0.07337443354740798,21.366826181172584,0.809389686483088,3000.007864134852,6.056910569105691,,,,,,,2.9359673343999993e-06,0.8981973173096776,0.003498507,0.00537109375,-3.3354959711432457,1.285343885421753,2520,0.2,-0.003810165828326717,0.26394668221473694,0.6126211881637573
,,,,,,253,61,4243,259072,1785.9188946770835,2694.9895833333335,,,,,,,,,,,
,,,,,,254,61,4259,260096,1785.9188946770835,2694.9895833333335,2.8426113024000014e-06,11.79841131195426,0.0032365792,0.0138671875,-3.3355899170041083,1.285393238067627,2530,0.2,-0.00248753500636667,3.435638666152954,0.1913660764694214
,,,,,,255,61,4275,261120,1785.9188946770835,2694.9895833333335,2.7515621376000003e-06,0.9904377883300185,0.0037432746,0.01318359375,-3.3357865497469903,1.2856173515319824,2540,0.2,-0.006346164119895548,0.16964080929756165,0.6854644119739532
,,,,,,256,61,4291,262144,1785.9188946770835,2694.9895833333335,2.662819840000002e-06,1.2375743709504605,0.0021564486,0.00654296875,-3.3361428335309027,1.2858304977416992,2550,0.2,-0.0055853169818874445,0.24156177043914795,0.6717506647109985
,,,,,,257,61,4306,263168,1785.9188946770835,2694.9895833333335,2.5763844096e-06,1.4760693203657866,0.0054538175,0.04951171875,-3.336368018388748,1.2858989238739014,2560,0.2,-0.009424917277647183,0.38380375504493713,0.6179233491420746
,,,,,,258,61,4322,264192,1785.9188946770835,2694.9895833333335,2.492255846399999e-06,1.7619575772434473,0.0066958386,0.0369140625,-3.33654699921608,1.286083698272705,2570,0.2,-0.0065800352138467135,0.4398917257785797,0.5016821920871735
4799.390341110595,0.07639108691126843,21.080805648996094,0.7963149728074655,3000.1875694899354,7.43952802359882,,,,,,,2.4104341504000005e-06,0.8752820800989867,0.0031187013,0.01640625,-3.3367031097412108,1.2860898971557617,2580,0.2,-0.00570867758942768,0.2727420926094055,0.7439516484737396
,,,,,,259,61,4339,265216,1816.9852376494848,2729.3298969072166,,,,,,,,,,,
,,,,,,260,61,4354,266240,1816.9852376494848,2729.3298969072166,2.3309193215999993e-06,10.386759093403816,0.0029362869,0.0275390625,-3.336694672703743,1.2860888242721558,2590,0.2,-0.002828328055329621,11.834527015686035,0.42997854948043823
,,,,,,261,61,4371,267264,1816.9852376494848,2729.3298969072166,2.2537113600000007e-06,1.3902075124904514,0.0010444882,0.0021484375,-3.3367004662752153,1.286115288734436,2600,0.2,-0.004549647518433631,0.4542239308357239,0.6998679339885712
,,,,,,262,61,4388,268288,1816.9852376494848,2729.3298969072166,2.1788102656e-06,1.1739517264068127,0.002898313,0.0103515625,-3.336869218945503,1.2862905263900757,2610,0.2,-0.003876943839713931,0.4480499029159546,0.7607114464044571
,,,,,,263,61,4404,269312,1816.9852376494848,2729.3298969072166,2.106216038399999e-06,1.87088812738657,0.0062269242,0.0328125,-3.3370895087718964,1.2864006757736206,2620,0.2,-0.004178139736177399,0.7739574909210205,0.5538667440414429
,,,,,,264,61,4419,270336,1816.9852376494848,2729.3298969072166,2.0359286783999998e-06,1.0012374445796013,0.0033930913,0.02197265625,-3.3372126296162605,1.2864636182785034,2630,0.2,-0.004903789918171242,0.23110470175743103,0.7555557787418365
4718.04259495291,0.07296612621777412,20.74065130007884,0.8067788295063115,3000.28737420775,6.7808857808857805,,,,,,,1.967948185599999e-06,1.409317259863019,0.0023684911,0.00546875,-3.33729347884655,1.286505937576294,2640,0.2,-0.0029884950432460754,0.19268754124641418,0.6720260679721832
,,,,,,265,61,4435,271360,1846.5878637448982,2761.1428571428573,,,,,,,,,,,
,,,,,,266,61,4451,272384,1846.5878637448982,2761.1428571428573,1.9022745600000009e-06,12.803659031540155,0.006609041,0.06083984375,-3.3373367100954057,1.2865310907363892,2650,0.2,-0.008163108391454444,2.4984841346740723,0.1323971152305603
,,,,,,267,61,4466,273408,1846.5878637448982,2761.1428571428573,1.8389078015999993e-06,1.1272370988503098,0.0030839448,0.0212890625,-3.337381735444069,1.2865829467773438,2660,0.2,-0.004999014909844846,0.44588860869407654,0.7665027678012848
,,,,,,268,61,4490,274432,1846.5878637448982,2761.1428571428573,1.7778479104000012e-06,1.3576671691611408,0.0030174027,0.01572265625,-3.3374951392412187,1.286669373512268,2670,0.2,-0.0032107051752973347,0.06752948462963104,0.6757918298244476
,,,,,,269,61,4513,275456,1846.5878637448982,2761.1428571428573,1.7190948863999997e-06,2.001890613138676,0.0072426596,0.0515625,-3.337614819407463,1.2867283821105957,2680,0.2,-0.008131024549948051,0.9252328872680664,0.7377175986766815
4632.4560238286285,0.07408811635842494,20.6538592789609,0.795817904797909,3000.127002094174,7.708333333333333,,,,,,,1.6626487295999996e-06,1.3996422708034515,0.0018567229,0.0005859375,-3.3376815423369406,1.2867616415023804,2690,0.2,-0.002674277048208751,0.5135023593902588,0.7550632059574127
,,,,,,270,60,4537,276480,1874.727580737374,2792.040404040404,,,,,,,,,,,
,,,,,,271,60,4553,277504,1874.727580737374,2792.040404040404,1.6085094400000007e-06,11.221859899535776,0.0023339638,0.0044921875,-3.337748919427395,1.2868256568908691,2700,0.2,-0.0013913264352595433,8.542366027832031,0.22790879011154175
,,,,,,272,60,4574,278528,1874.727580737374,2792.040404040404,1.5566770175999994e-06,0.8586092844605446,0.0046719597,0.0357421875,-3.337857559323311,1.286893367767334,2710,0.2,-0.006354385620215908,0.215908020734787,0.8213997483253479
,,,,,,273,60,4597,279552,1874.727580737374,2792.040404040404,1.5071514624000008e-06,1.5998687213286757,0.005579042,0.03046875,-3.3379814237356187,1.286977767944336,2720,0.2,-0.004397999760112725,0.7606583833694458,0.516095906496048
,,,,,,274,60,4622,280576,1874.727580737374,2792.040404040404,1.4599327744e-06,0.9417650926858186,0.0050435206,0.02353515625,-3.338072770833969,1.287024974822998,2730,0.2,-0.0074357818171847615,0.19270820915699005,0.7273133993148804
,,,,,,275,60,4646,281600,1874.727580737374,2792.040404040404,1.415020953599999e-06,1.1838153133168816,0.0036722613,0.00546875,-3.338197612762451,1.2871360778808594,2740,0.2,-0.003545621148077771,0.9265152215957642,0.7387641370296478
4853.021314819288,0.07432096186651344,21.17155524715273,0.8054807161525789,3000.217034800444,5.195171026156942,,,,,,,1.3724160000000002e-06,0.7486633781343699,0.00491619,0.02646484375,-3.338272529840469,1.2871167659759521,2750,0.2,-0.005637615430168807,0.13537508249282837,0.7922252416610718
,,,,,,276,60,4670,282624,1904.5101655100004,2824.36,,,,,,,,,,,
,,,,,,277,60,4685,283648,1904.5101655100004,2824.36,1.3321179135999998e-06,13.96578525006771,0.0036395062,0.0046875,-3.338258494436741,1.2871230840682983,2760,0.2,-0.0016211914713494479,11.555097579956055,0.13355058431625366
,,,,,,278,60,4701,284672,1904.5101655100004,2824.36,1.2941266944000004e-06,0.8225499607622624,0.0025876681,0.00263671875,-3.33828497081995,1.287149429321289,2770,0.2,-0.0033496223972178996,0.1642962098121643,0.8271068930625916
,,,,,,279,60,4717,285696,1904.5101655100004,2824.36,1.2584423423999998e-06,1.1927224591374397,0.00302584,0.001171875,-3.3383234649896623,1.2871809005737305,2780,0.2,-0.0026071248750668017,0.29945921897888184,0.7430375516414642
,,,,,,280,60,4732,286720,1904.5101655100004,2824.36,1.2250648575999994e-06,0.9387851390987635,0.00074909645,0.0,-3.338347667455673,1.2871825695037842,2790,0.2,-0.002067127070040442,0.14887695014476776,0.8822806626558304
,,,,,,281,60,4748,287744,1904.5101655100004,2824.36,1.19399424e-06,1.2600766364485025,0.0048149554,0.024609375,-3.338333523273468,1.2871580123901367,2800,0.2,-0.003921415962395258,0.08401018381118774,0.6310505568981171
4482.9877170779555,0.06722004759863714,21.301064629923466,0.818511542281898,3000.305084147025,5.576036866359447,,,,,,,1.1652304895999996e-06,0.9661727798171341,0.002275704,0.004296875,-3.3383337780833244,1.287215232849121,2810,0.2,-0.002963972557336092,0.5320872664451599,0.7917660623788834
,,,,,,282,60,4765,288768,1949.1148708000003,2877.72,,,,,,,,,,,
,,,,,,283,60,4780,289792,1949.1148708000003,2877.72,1.1387736064000003e-06,10.491276109591126,0.00053681916,0.0,-3.33841465562582,1.2872543334960938,2820,0.2,-0.0012244148936588317,0.7431779503822327,0.3883790373802185
,,,,,,284,60,4796,290816,1949.1148708000003,2877.72,1.1146235903999998e-06,0.9661514708772302,0.0035837516,0.014453125,-3.338464084267616,1.2872860431671143,2830,0.2,-0.0039701075060293075,0.5695632100105286,0.6768302023410797
,,,,,,285,60,4811,291840,1949.1148708000003,2877.72,1.0927804416000003e-06,2.3616686522960664,0.00046521187,0.0,-3.3385201349854468,1.287332534790039,2840,0.2,-0.0010680860723368824,0.4049084484577179,0.5350668430328369
,,,,,,286,60,4827,292864,1949.1148708000003,2877.72,1.0732441599999998e-06,1.7573655672371387,0.003509113,0.01025390625,-3.338587152957916,1.2873759269714355,2850,0.2,-0.0031510852015344424,0.2349492311477661,0.6066379547119141
4355.221672893546,0.06770084206522076,21.26871428865279,0.8113304159637754,3000.0919862275477,6.413793103448276,,,,,,,1.0560147455999998e-06,1.5224998869001864,0.0028402847,0.00263671875,-3.338636228442192,1.287399172782898,2860,0.2,-0.003435271536000073,0.22156953811645508,0.6788427531719208
,,,,,,287,60,4844,293888,1992.6285555200002,2930.5,,,,,,,,,,,
,,,,,,288,60,4859,294912,1992.6285555200002,2930.5,1.0410921984e-06,12.297125087305904,0.00062207424,0.0,-3.338668192923069,1.287415623664856,2870,0.2,-0.00100702284835279,4.3717780113220215,0.16429656744003296
,,,,,,289,60,4877,295936,1992.6285555200002,2930.5,1.0284765183999998e-06,1.1219341807067393,0.0012654562,0.0,-3.3387050092220307,1.28745436668396,2880,0.2,-0.0013808604679070413,0.38507920503616333,0.6453423500061035
,,,,,,290,60,4901,296960,1992.6285555200002,2930.5,1.0181677056000001e-06,1.2919534735381604,0.0030950767,0.00751953125,-3.3387750685214996,1.2874913215637207,2890,0.2,-0.0027544614917133004,0.5762889385223389,0.5851527452468872
,,,,,,291,60,4926,297984,1992.6285555200002,2930.5,1.01016576e-06,1.195069371536374,0.004761616,0.0412109375,-3.338779312372208,1.2874794006347656,2900,0.2,-0.0062658184149768205,0.1444168984889984,0.6740121841430664
,,,,,,292,60,4950,299008,1992.6285555200002,2930.5,1.0044706816e-06,0.9548257995396853,0.004939605,0.0115234375,-3.3387834936380387,1.2874906063079834,2910,0.2,-0.004855732104624621,0.4472535252571106,0.7340190410614014
4732.601917772121,0.07123702505876738,21.319603409030552,0.8092684537914023,3000.3264851991553,7.584392014519056,,,,,,,1.0010824704e-06,1.7173229176551104,0.0056046634,0.01708984375,-3.3388252437114714,1.2875480651855469,2920,0.2,-0.0034734599059447644,0.4202788174152374,0.6287735104560852
,,,,,,293,60,4967,300032,2039.7585402700006,2988.04,,,,,,,,,,,
