custom/total_reward,custom/mean_reward,custom/avg_speed,custom/avg_center_dev,custom/total_distance,custom/routes_completed,time/time_elapsed,train/std,time/total_timesteps,rollout/ep_rew_mean,rollout/ep_len_mean,time/fps,time/episodes,train/actor_loss,train/ent_coef,train/critic_loss,train/learning_rate,train/ent_coef_loss,train/n_updates
22.41154012888346,0.2576039095273961,15.201436716493212,0.5149255809479117,24.232450728770345,0.6923076923076923,,,,,,,,,,,,,
-2.4748255213693966,-0.06874515337137213,8.789041457668334,0.32418381315210654,5.883478892035782,0.015086206896551725,,,,,,,,,,,,,
3.852437955679301,0.056653499348225014,12.514763256606729,0.811451227864526,15.58792689954862,0.27586206896551724,,,,,,,,,,,,,
3.1806212307700594,0.06116579289942422,11.650684908829245,0.5092741682286902,10.973232095362619,0.03343465045592705,,,,,,,,,,,,,
,,,,,,17,0.04978706315159798,239,6.7062652499999995,59.75,13,4,,,,,,
11.084434064560021,0.16543931439641824,14.917345572255956,0.6016068586701994,18.237710231216624,0.3103448275862069,,,,,,,,,,,,,
9.246849773591101,0.1515877012064115,12.852566265535003,0.5069611732689224,14.316843778593466,0.05128205128205128,,,,,,,,,,,,,
10.811217179819096,0.16136145044506112,14.091865348513489,0.4832521984635563,17.272293739253655,0.4090909090909091,,,,,,,,,,,,,
11.220123295436412,0.15583504576995016,16.81145807309126,0.7256613000298922,22.138119647512212,0.06769230769230769,,,,,,,,,,,,,
,,,,,,35,0.04978706315159798,502,8.639399125,62.75,13,8,,,,,,
18.121459922269462,0.1849128563496884,17.815887469402814,0.6758258292565279,32.06515228853095,0.8,,,,,,,,,,,,,
7.861234210119566,0.14293153109308301,11.95604355646196,0.38905282978261674,11.92945787217468,0.035256410256410256,,,,,,,,,,,,,
15.007222727206862,0.1485863636357115,18.086843945906153,0.7795753725183792,33.5004335232079,0.7380952380952381,,,,,,,,,,,,,
0.5996318928824813,0.009993864881374688,12.342212346560201,0.8848117653852297,13.501471507828683,0.056768558951965066,,,,,,,,,,,,,
,,,,,,56,0.04978706315159798,812,9.213264083333334,67.66666666666667,14,12,,,,,,
13.6205368892948,0.1792175906486158,16.885219251545873,0.5140995685173945,23.46247262856923,0.1013215859030837,,,,,,,,,,,,,
4.866169197251249,0.0666598520171404,14.988449098596924,0.835719607885423,20.018555336166173,0.041237113402061855,,,,,,,,,,,,,
2.5138275066312374,0.04488977690412924,13.18129037616997,0.6800004506139518,13.431607328442624,0.29545454545454547,,,,,,,,,,,,,
10.040749000704093,0.17018218645261174,13.023801875826779,0.39827371702778436,13.942120402120054,0.07567567567567568,,,,,,,,,,,,,
,,,,,,74,0.04978706315159798,1072,8.845401875,67.0,14,16,,,,,,
0.24448600504794982,0.004445200091780906,10.935483618908984,0.7007996443754267,10.95251184119843,0.23404255319148937,,,,,,,,,,,,,
2.1465673134210537,0.0487856207595694,9.197371208536312,0.19099101831608278,7.290927855763584,0.012522361359570662,,,,,,,,,,,,,
9.162017674228114,0.14315652615981428,13.442538443889243,0.5322729105780396,15.707266169134527,0.16666666666666666,,,,,,,,,,,,,
4.0574151865394565,0.08114830373078913,10.568216131881442,0.4319105494739798,9.607456805417314,0.015552099533437015,,,,,,,,,,,,,
,,,,,,90,0.04978706315159798,1281,7.851505150000001,64.05,14,20,,,,,,
5.6844437150277525,0.05572984034340934,16.03723915664018,0.8185673576634467,30.014488319749944,0.40476190476190477,,,,,,,,,,,,,
16.00917639756066,0.20264780250076783,18.05331048203085,0.36512289785098534,26.073587303166278,0.10833333333333334,,,,,,,,,,,,,
6.628780051887524,0.11047966753145874,16.278251537981465,0.40084245060680784,17.768184479646152,0.06746031746031746,,,,,,,,,,,,,
6.81400386764539,0.10815879154992682,12.22896120704055,0.4885194621855081,13.966830444522202,0.03090507726269316,,,,,,,,,,,,,
,,,,,,111,0.04978706315159798,1581,8.001033416666667,65.875,14,24,,,,,,
-4.612319641462722,-0.10726324747587726,8.706265097165687,0.5966442486409652,6.694597648922354,0.15384615384615385,,,,,,,,,,,,,
-0.5579837475992804,-0.01052799523772227,11.175547741862975,0.6326121648487997,10.72541404189542,0.032467532467532464,,,,,,,,,,,,,
1.201278845126902,0.01937546524398229,13.829277387202488,0.9591915303177578,15.682234907988459,0.27586206896551724,,,,,,,,,,,,,
17.623783780577934,0.20257222736296476,17.567229265545446,0.7880189084093521,28.05120242224075,0.07160493827160494,,,,,,,,,,,,,
,,,,,,127,0.04978706315159798,1822,7.34311425,65.07142857142857,14,28,,,,,,
2.8417708762638245,0.04305713448884583,13.749508305746811,0.6327987921176621,16.548035635845736,0.27586206896551724,,,,,,,,,,,,,
0.9403155004963875,0.016791348223149778,12.380782032182765,0.544124654849625,12.684698302531615,0.02610441767068273,,,,,,,,,,,,,
-2.7438196624470947,-0.06235953778288852,9.19292330445454,0.5856306116147413,7.260827069170773,0.1590909090909091,,,,,,,,,,,,,
10.259640519779357,0.15312896298178144,13.5615053586728,0.41338298081909647,16.540326295653358,0.0285204991087344,,,,,,,,,,,,,
,,,,,,143,0.04978706315159798,2051,6.77602340625,64.09375,14,32,,,,,,
10.699530848163505,0.15734604188475743,11.49107180248138,0.4352898443225098,14.243941974826157,0.3111111111111111,,,,,,,,,,,,,
5.034931735869479,0.05532892017438988,16.8297569915451,0.9011930651395028,28.088354083360173,0.05333333333333334,,,,,,,,,,,,,
1.5639713776837496,0.02172182469005208,14.779486158397544,0.8157490399308023,19.38712670712266,0.40476190476190477,,,,,,,,,,,,,
5.591977858129752,0.0931996309688292,11.46245067948515,0.5096969997430085,12.53242429252714,0.03374233128834356,,,,,,,,,,,,,
,,,,,,162,0.04978706315159798,2338,6.655961805555556,64.94444444444444,14,36,,,,,,
6.79538618844418,0.10142367445439075,13.406600572324122,0.7032872422075089,16.40125559642911,0.07488986784140969,,,,,,,,,,,,,
-3.1358818873027694,-0.06399758953679122,11.156769727780569,0.7925927821208144,9.891068692319095,0.037037037037037035,,,,,,,,,,,,,
-5.060216146326856,-0.12974913195709886,9.624316529577262,0.7085719035473657,6.726365392096341,0.13636363636363635,,,,,,,,,,,,,
13.675451681064494,0.14245262167775516,17.070482551171562,0.6360061100634978,30.04571542656049,0.13445378151260504,,,,,,,,,,,,,
,,,,,,179,0.04978706315159798,2585,6.295378299999999,64.625,14,40,,,,,,
-3.7910827989041147,-0.07898089164383572,10.46049577698753,0.7673223988553931,9.10233463672921,0.19148936170212766,,,,,,,,,,,,,
7.155872886372759,0.135016469554203,11.526682214839813,0.40885671246596905,11.14777876494918,0.023965141612200435,,,,,,,,,,,,,
-1.01119769838518,-0.022981765872390456,11.038962312003443,0.6177835898398085,8.754233049228787,0.08333333333333333,,,,,,,,,,,,,
-2.3831880728234873,-0.05295973495163305,7.395477955424912,0.3279233273890442,6.02761218091473,0.02843601895734597,,,,,,,,,,,,,
,,,,,,193,0.04978706315159798,2771,5.7191096136363635,62.97727272727273,14,44,,,,,,
-2.9498113811606164,-0.06145440377417951,11.072997273667184,0.7992580180423962,9.62167718121782,0.10714285714285714,,,,,,,,,,,,,
-3.962822470725219,-0.08255880147344206,10.873868777513119,0.7496187955803776,9.44545464287512,0.012228260869565218,,,,,,,,,,,,,
4.593608695510383,0.07409046283081264,12.853845157517696,0.6556318384637169,14.562073431443423,0.05555555555555555,,,,,,,,,,,,,
-2.949102404442786,-0.057825537342015405,12.304197196042637,0.9567613085012542,11.435204909532331,0.08053691275167785,,,,,,,,,,,,,
,,,,,,207,0.04978706315159798,2976,5.130517041666667,62.0,14,48,,,,,,
0.8329549376922536,0.009685522531305274,18.5605226051061,0.7357408095499067,29.257864200975746,0.7435897435897436,,,,,,,,,,,,,
-0.6981381708219949,-0.010266737806205808,11.582197962648115,0.8398169765142155,14.36065520113334,0.03153153153153153,,,,,,,,,,,,,
9.674298359273116,0.12729339946411997,16.73413951921385,0.5907967994699428,23.27397753018886,0.39655172413793105,,,,,,,,,,,,,
5.536713773354805,0.09227856288924675,11.059920281779007,0.4436932199991214,12.06542947422713,0.059113300492610835,,,,,,,,,,,,,
,,,,,,227,0.04978706315159798,3262,5.030278230769231,62.73076923076923,14,52,,,,,,
1.4211100716996121,0.030893697210861132,12.206978258531612,0.585590017483295,10.183052747976035,0.1724137931034483,,,,,,,,,,,,,
7.267020613739948,0.1252934588575853,12.257801676255063,0.5128731496310481,12.93842960940674,0.04980842911877394,,,,,,,,,,,,,
13.339934154929491,0.16268212384060354,16.917008610439837,0.6927183037172359,25.397847313666716,0.5909090909090909,,,,,,,,,,,,,
0.4216549669666847,0.010811665819658582,7.452918682046377,0.13141891726125915,5.363370921229944,0.010291595197255575,,,,,,,,,,,,,
,,,,,,243,0.04978706315159798,3483,5.0699335,62.19642857142857,14,56,,,,,,
-2.9685879136216213,-0.0659686203027027,10.652901656499296,0.6973267895538345,8.67195838119369,0.17777777777777778,,,,,,,,,,,,,
-1.031273100168752,-0.01875042000306822,9.145035804891997,0.5816305856595,9.143857097486034,0.05555555555555555,,,,,,,,,,,,,
-0.12597157244745993,-0.0020317995556041924,14.029628574011992,0.9038488992220123,15.866016261745244,0.38095238095238093,,,,,,,,,,,,,
24.516582316329057,0.3405080877267925,15.754627902673182,0.17198234232749948,20.798268288606778,0.06976744186046512,,,,,,,,,,,,,
,,,,,,259,0.04978706315159798,3713,5.070577800000001,61.88333333333333,14,60,,,,,,
24.722869932717423,0.28417091876686695,16.519005872638697,0.45190962324635575,26.32964349654503,0.12334801762114538,,,,,,,,,,,,,
-2.128025201606823,-0.04256050403213646,8.796787474046436,0.5630606905036005,7.9513403384480625,0.01834862385321101,,,,,,,,,,,,,
27.05493557690764,0.31459227415008884,17.054113886675044,0.49576573292888065,26.876698759384453,0.6136363636363636,,,,,,,,,,,,,
12.386413559134681,0.11468901443643223,18.08364139113509,0.5442305983701203,35.84624537266791,0.06382978723404255,,,,,,,,,,,,,
,,,,,,280,0.04978706315159798,4040,5.721315484374999,63.125,14,64,,,,,,
-1.9332004608134667,-0.035149099287517575,11.873271145933588,0.7332366427534682,11.86523058777675,0.2553191489361702,,,,,,,,,,,,,
10.484975500974784,0.13616851299967253,15.727459457782548,0.6182465871692427,22.12709526414983,0.04583333333333333,,,,,,,,,,,,,
-1.4423384977754043,-0.016968688209122403,16.655404850645898,0.8667936790675392,26.185229214141145,0.2708333333333333,,,,,,,,,,,,,
9.089540723675949,0.12451425648871163,14.871174029957078,0.7153817922893082,19.86115519469604,0.059880239520958084,,,,,,,,,,,,,
,,,,,,300,0.04978706315159798,4326,5.621923705882352,63.61764705882353,14,68,,,,,,
9.996440692721894,0.1638760769298671,15.816482702965317,0.5089363919022636,17.554971165722236,0.21428571428571427,,,,,,,,,,,,,
12.447898565870322,0.19449841509172378,12.483204140118689,0.3797313570479402,14.5240775460843,0.02422145328719723,,,,,,,,,,,,,
2.8472843948752526,0.04448881866992582,15.625272573481519,0.7663550645998896,18.233850211137906,0.07142857142857142,,,,,,,,,,,,,
14.41101185549357,0.17574404701821425,17.90523205245667,0.5080487505264146,26.892200499540195,0.16091954022988506,,,,,,,,,,,,,
,,,,,,318,0.04978706315159798,4593,5.860517638888889,63.791666666666664,14,72,,,,,,
-3.9620511531620686,-0.07924102306324138,12.287796979381563,0.9071587459348014,11.160899716429412,0.28205128205128205,,,,,,,,,,,,,
5.291999939873945,0.08969491423515161,14.014780767381566,0.6432383844265641,15.24494721647352,0.055970149253731345,,,,,,,,,,,,,
3.714531124803967,0.041736304773078284,18.87761749922244,0.9807078431477815,30.762901938520372,0.5344827586206896,,,,,,,,,,,,,
11.452339447624926,0.1363373743764872,15.330687380287507,0.663659523815423,23.57622577669099,0.06406685236768803,,,,,,,,,,,,,
,,,,,,359,0.04978706315159798,4871,5.76865672368421,64.09210526315789,13,76,,,,,,
12.079390603610118,0.18583677851707875,15.356177254394218,0.707502612206437,18.283168856753036,0.3103448275862069,,,,,,,,,,,,,
7.741786047577779,0.1209654069934028,12.40951334835973,0.4827002142298627,14.60816392605193,0.028735632183908046,,,,,,,,,,,,,
-2.864824100860603,-0.04547339842635878,10.034920204386218,0.7835643428348191,11.5031698634848,0.2727272727272727,,,,,,,,,,,,,
7.417293951228707,0.1141122146342878,11.567624228731487,0.4467248132167347,13.86770034302026,0.03814713896457766,,,,,,,,,,,,,
,,,,,,376,0.04978706315159798,5124,5.7830855375,64.05,13,80,,,,,,
21.33937958623303,0.2133937958623303,17.453387544957582,0.48676045641769905,32.05527174822055,0.7555555555555555,,,,,,,,,,,,,
12.179550598564525,0.14674157347668101,17.320573367820668,0.44369357378599955,26.372793042333797,0.09737827715355805,,,,,,,,,,,,,
13.489217413980203,0.21076902209344067,13.877493094346727,0.4328041987798053,16.17489891126752,0.38095238095238093,,,,,,,,,,,,,
7.357494807406798,0.12262491345677998,13.77300411926023,0.6391878568311765,15.076027716742828,0.053763440860215055,,,,,,,,,,,,,
,,,,,,397,0.04978706315159798,5427,6.154479845238096,64.60714285714286,13,84,,,,,,
10.717516705491505,0.15761053978663978,12.17200189178648,0.5076255373372869,15.095782067393884,0.06607929515418502,,,,,,,,,,,,,
17.903700542101312,0.1884600057063296,18.830458605455263,0.7484225758228739,32.83361279359087,0.3076923076923077,,,,,,,,,,,,,
0.020732788000195512,0.0002840107945232262,18.970328264537905,0.547731673287187,25.285266631050035,0.5909090909090909,,,,,,,,,,,,,
1.6959072219414768,0.03854334595321538,8.062158765502495,0.15943415079437273,6.498524763388559,0.027559055118110236,,,,,,,,,,,,,
,,,,,,415,0.04978706315159798,5703,6.219068022727272,64.80681818181819,13,88,,,,,,
0.15990430520040455,0.0028053386877263955,13.33470011239764,0.8831809284470418,13.858016541227698,0.2978723404255319,,,,,,,,,,,,,
-4.635121770780355,-0.10076351675609467,11.180028574387778,0.8627790312326392,9.344959480222315,0.01978021978021978,,,,,,,,,,,,,
-2.448296733488008,-0.048005818303686436,11.413804329648402,0.6962057995273171,10.536829587537795,0.11458333333333333,,,,,,,,,,,,,
15.320299680131416,0.23569691815586793,12.765118187758466,0.2244269586648053,15.38979530427605,0.1103448275862069,,,,,,,,,,,,,
,,,,,,431,0.04978706315159798,5918,6.038774141304348,64.32608695652173,13,92,,,,,,
1.4274008103039506,0.021304489706029113,13.59939701231294,0.8419431438923063,16.612579761305824,0.19047619047619047,,,,,,,,,,,,,
21.127754476864673,0.2545512587574057,18.27863247268426,0.27152502963912595,27.77172566507943,0.08069164265129683,,,,,,,,,,,,,
5.997504619996963,0.06663894022218848,17.820337327594938,0.8439608085705046,29.408054737839848,0.1111111111111111,,,,,,,,,,,,,
6.717831921390751,0.07811432466733431,13.898581724956198,0.7655615148667283,21.848010645946488,0.045081967213114756,,,,,,,,,,,,,
,,,,,,452,0.04978706315159798,6240,6.153812802083333,65.0,13,96,,,,,,
4.260347587333937,0.05757226469370186,14.94369176605069,0.7850453389710584,20.197718895738944,0.5128205128205128,,,,,,,,,,,,,
-3.6896508572635103,-0.07850320972901086,9.907744161986558,0.7290369687965073,8.44218404230196,0.016129032258064516,,,,,,,,,,,,,
3.7019552711848593,0.053651525669345786,12.102400244560156,0.723096780930286,15.244506873656064,0.25862068965517243,,,,,,,,,,,,,
16.27785856134533,0.21140076053695234,15.070528981141416,0.4985701824233125,21.235619202954695,0.0738255033557047,,,,,,,,,,,,,
,,,,,,471,0.04978706315159798,6503,6.112078690000001,65.03,13,100,,,,,,
-4.118414246596444,-0.08404927033870294,11.26198996104753,0.8616463855352389,9.981573461554945,0.1724137931034483,,,,,,,,,,,,,
15.952528108957608,0.2278932586993944,18.104249867784187,0.5198456384353687,23.19520534412004,0.04831932773109244,,,,,,,,,,,,,
0.5724920003819989,0.011009461545807672,11.34662377830589,0.6322872181535939,10.704035587143153,0.25,,,,,,,,,,,,,
3.374133364284422,0.0749807414285427,10.612730899654364,0.2889362442455045,8.843367151450366,0.0196078431372549,,,,,,,,,,,,,
,,,,,,486,0.04978706315159798,6715,6.001284150000001,64.76,13,104,,,,,,
15.797096381127645,0.24303225201734838,13.911425217142355,0.41658465464864947,16.49160900595598,0.35555555555555557,,,,,,,,,,,,,
29.8322596602082,0.25717465224317415,22.146756055260234,0.5333399191838296,47.24582857801579,0.18181818181818182,,,,,,,,,,,,,
1.8830080514009406,0.03246565605863691,14.801128269158756,0.7531233042196464,15.8576309166383,0.38095238095238093,,,,,,,,,,,,,
24.5017245299044,0.2500175972439225,19.15244786383809,0.5292734386871781,34.475401249714196,0.22,,,,,,,,,,,,,
,,,,,,509,0.04978706315159798,7048,6.29746334,65.46,13,108,,,,,,
0.6988576608019397,0.011456682963966224,12.42029782935321,0.7621262313026269,13.794405447784811,0.06167400881057269,,,,,,,,,,,,,
-1.1039082613749347,-0.021229005026441053,11.87038556356192,0.7525931345250118,11.214394395472482,0.04059040590405904,,,,,,,,,,,,,
-5.483555497874916,-0.1192077282146721,8.868256461443474,0.6718952262298082,7.342421676730737,0.1590909090909091,,,,,,,,,,,,,
3.4303371872599,0.06018135416245438,11.669882412041925,0.6656404138405972,12.154113528784364,0.023255813953488372,,,,,,,,,,,,,
,,,,,,524,0.04978706315159798,7260,5.857355529999999,64.48,13,112,,,,,,
2.4138449810920815,0.03831499969987431,11.736696133753194,0.6542630507937495,13.454073764616624,0.2978723404255319,,,,,,,,,,,,,
9.77188889907201,0.1285774855141054,13.977058864229578,0.4591942656687295,19.640212051570415,0.05830903790087463,,,,,,,,,,,,,
12.195182910960895,0.16046293303895914,16.773141709224525,0.3959098305504624,23.350551919080317,0.25,,,,,,,,,,,,,
3.177902295452636,0.055752671850046245,12.40244337091011,0.6183821126679581,12.882028963882476,0.031746031746031744,,,,,,,,,,,,,
,,,,,,543,0.04978706315159798,7528,5.822185749999999,64.56,13,116,,,,,,
5.958181642546023,0.0816189266102195,14.721679538054502,0.5956689445326165,19.614352695294656,0.23809523809523808,,,,,,,,,,,,,
6.277939522067953,0.09964983368361831,12.530733182253595,0.5952409125910828,14.377739650662988,0.22580645161290322,,,,,,,,,,,,,
0.9754416726898913,0.01625736121149819,10.629338041381107,0.6630672639103079,11.624467675108463,0.04365079365079365,,,,,,,,,,,,,
-1.055490714348272,-0.014073209524643625,16.47184080466085,0.9735655413945028,22.60527217690833,0.0944206008583691,,,,,,,,,,,,,
,,,,,,562,0.04978706315159798,7795,5.787625239999999,65.14,13,120,,,,,,
0.4555476591449388,0.009110953182898776,11.195261318851975,0.5615760888609116,10.149619267671369,0.2564102564102564,,,,,,,,,,,,,
21.359226225154263,0.27036995221714255,15.897236489632188,0.4419331090423079,23.00495228311047,0.14285714285714285,,,,,,,,,,,,,
-3.113302660675399,-0.05874155963538488,12.111968933296835,0.8888118765783343,11.669650684576482,0.20689655172413793,,,,,,,,,,,,,
-1.621318460048501,-0.033777467917677106,9.886663057852163,0.5436317467840768,8.578671304741874,0.09090909090909091,,,,,,,,,,,,,
,,,,,,579,0.04978706315159798,8021,5.607032639999997,64.4,13,124,,,,,,
-3.690019820506608,-0.04193204341484782,17.373667562081067,1.121213610617819,27.946115153841674,0.46551724137931033,,,,,,,,,,,,,
10.93423481509718,0.14200304954671664,15.937742317761073,0.5856721997686715,22.664659376489,0.5476190476190477,,,,,,,,,,,,,
-1.3152742873370844,-0.023074987497141833,10.476664877080095,0.8617843720870004,10.847502469667234,0.25,,,,,,,,,,,,,
-1.7270578213809102,-0.025776982408670303,12.140946039368382,0.9503336631382611,14.874105041380972,0.04335260115606936,,,,,,,,,,,,,
,,,,,,599,0.04978706315159798,8306,5.5125039199999994,64.84,13,128,,,,,,
7.848294187817871,0.14269625796032492,12.837078179962322,0.31174405094424834,12.856917563127354,0.28888888888888886,,,,,,,,,,,,,
14.558420210988789,0.17973358285171345,18.795081843826942,0.31636944403947914,27.868227453436702,0.208955223880597,,,,,,,,,,,,,
11.952928212372811,0.13135085947662428,17.992276096744327,0.6790978079343633,30.026906221872196,0.6904761904761905,,,,,,,,,,,,,
0.2615840601505308,0.005129099218637859,9.995378786858273,0.551765676524803,9.222946149413474,0.036885245901639344,,,,,,,,,,,,,
,,,,,,618,0.04978706315159798,8580,5.74574536,65.29,13,132,,,,,,
0.944075665993914,0.01656273098234937,12.95917070716156,0.7438117836513118,13.443657427560538,0.06167400881057269,,,,,,,,,,,,,
-0.26952989394750126,-0.003850427056392875,15.856396135028367,1.1208116493681326,20.297646014019847,0.09302325581395349,,,,,,,,,,,,,
22.05860594620188,0.23219585206528295,17.73505341007174,0.5172007064230643,30.91031842236407,0.6590909090909091,,,,,,,,,,,,,
-5.405346872939221,-0.12284879256680048,9.473168642829355,0.7499509722532185,7.499738040845841,0.3333333333333333,,,,,,,,,,,,,
,,,,,,636,0.04978706315159798,8842,5.69011994,65.04,13,136,,,,,,
-1.7328214566322018,-0.04226393796663907,10.49922006430666,0.5568701562344578,7.896459883777425,0.1702127659574468,,,,,,,,,,,,,
-1.707502796109372,-0.04493428410814137,10.27471860157878,0.5595077443845495,7.0584241091273725,0.38095238095238093,,,,,,,,,,,,,
15.850202977443779,0.21133603969925038,15.337008357028274,0.6104970893497443,21.053924499079585,0.22916666666666666,,,,,,,,,,,,,
7.407735196241266,0.10893728229766567,15.735574156258163,0.733825013353556,19.538493966683745,0.05333333333333334,,,,,,,,,,,,,
,,,,,,653,0.04978706315159798,9060,5.76520995,64.75,13,140,,,,,,
14.189429297553929,0.20564390286310041,17.069885301550016,0.3080007791503817,21.450302513083443,0.2619047619047619,,,,,,,,,,,,,
-1.4147437404776753,-0.026198958156993985,10.561405333922812,0.7845800156694746,10.368423087871633,0.06289308176100629,,,,,,,,,,,,,
-5.764347406262211,-0.20586955022365042,5.781934494343537,0.18361121287498472,2.877619316568598,0.011904761904761904,,,,,,,,,,,,,
-4.2565632959350435,-0.0818569864602893,9.89496010673445,0.7800384258730974,9.329417907632887,0.012893982808022923,,,,,,,,,,,,,
,,,,,,669,0.04978706315159798,9259,5.79376529,64.88,13,144,,,,,,
-0.3264388414957544,-0.006945507265867115,10.926050060424199,0.6162798646609066,9.272546097752638,0.23076923076923078,,,,,,,,,,,,,
-0.42089872861642164,-0.005196280600202737,16.492306271924505,1.0238052877018038,24.436909622047096,0.08614232209737828,,,,,,,,,,,,,
-4.196651466312583,-0.08743023888151215,10.132514499940177,0.7505237838043258,8.798981226747856,0.15517241379310345,,,,,,,,,,,,,
11.695053613153778,0.16020621387881886,15.569105815909928,0.7028629529606495,20.82666160375811,0.0963302752293578,,,,,,,,,,,,,
,,,,,,686,0.04978706315159798,9504,5.91433166,65.28,13,148,,,,,,
1.9712927798277082,0.03520165678263765,11.072936737065818,0.6254664472857862,11.249193039955571,0.1896551724137931,,,,,,,,,,,,,
2.069550779030129,0.04057942703980645,13.15535537246187,0.6487508725973923,12.19181092758663,0.2727272727272727,,,,,,,,,,,,,
3.8434131022789444,0.0768682620455789,11.222637305519916,0.362602164671355,10.375083759659901,0.25,,,,,,,,,,,,,
6.992824379665585,0.1398564875933117,10.130252941090964,0.19270840039167106,9.250550926662982,0.01559792027729636,,,,,,,,,,,,,
,,,,,,700,0.04978706315159798,9707,5.90893026,64.45,13,152,,,,,,
-5.194866261915381,-0.1208108433003577,9.59960369131176,0.8106417233990898,7.43225840642117,0.15555555555555556,,,,,,,,,,,,,
3.903886729923572,0.06399814311350119,12.046310680011938,0.3851882645892703,13.366223772289231,0.044585987261146494,,,,,,,,,,,,,
8.41095113845245,0.10783270690323654,15.78912509466852,0.5974095492294532,22.526900339405984,0.5476190476190477,,,,,,,,,,,,,
2.5594416710879795,0.04829135228467886,10.442371383725446,0.4693076628101204,10.023953492753208,0.02247191011235955,,,,,,,,,,,,,
,,,,,,716,0.04978706315159798,9938,5.7815984999999985,64.55,13,156,,,,,,
1.0207287578418658,0.009721226265160627,16.40201658401543,0.801512155752718,31.65852839895524,0.14096916299559473,,,,,,,,,,,,,
-6.5890830662036475,-0.20590884581886398,9.562772611784823,0.6606864897542062,5.395209061913192,0.009685230024213076,,,,,,,,-1.591278608990251,0.9845356279984117,2.2986700255423784,0.0004900224761896961,-0.0467715266831874,64
-7.27093604739248,-0.2507219326687062,9.298805865911003,0.6705633364539765,4.715636756969616,0.09090909090909091,,,,,,,,,,,,,
-4.605621556618135,-0.1842248622647254,7.2844907978563285,0.14302107276498696,3.2859003201592714,0.007155635062611807,,,,,,,,-3.570998964831233,0.9515640931203961,2.460367009975016,0.000489959248019456,-0.1592080841655843,128
,,,,,,733,0.04989761859178543,10125,5.402550779999999,64.12,13,160,,,,,,
-7.6830793731061995,-0.2845584953002296,9.6366898019944,0.694198833374485,4.549930475186557,0.0851063829787234,,,,,,,,,,,,,
-6.280195425471651,-0.20933984751572168,10.541062522401365,0.6860390387936979,5.597083459608257,0.015503875968992248,,,,,,,,-4.6674532778561115,0.9204838573932648,1.8078777184709907,0.0004898960239370241,-0.26517082238569856,192
-6.775199262608324,-0.1881999795168979,7.963122544481929,0.6562826738131056,5.063876794651151,0.041666666666666664,,,,,,,,,,,,,
-6.992889411854632,-0.158929304814878,7.703729135453938,0.7071536279154291,6.074750680476427,0.0335195530726257,,,,,,,,-5.529134623706341,0.8917522085830569,1.3342665880918503,0.0004898328039424,-0.3631624039262533,256
,,,,,,747,0.049917057156562805,10258,4.50439856,62.18,13,164,,,,,,
-0.4811997240140915,-0.013005397946326797,9.525832004016825,0.2849939060938728,6.306360026821494,0.07142857142857142,,,,,,,,,,,,,
-7.254598411674175,-0.2501585659197991,8.772976347067086,0.5655197044128334,4.395772414747626,0.005119453924914676,,,,,,,,-6.429522812366486,0.8640207778662443,1.1888357517309487,0.000489769588035584,-0.47031630109995604,320
-7.820472960419448,-0.3128189184167779,9.836168968100088,0.6703327713964053,4.209966473514214,0.011904761904761904,,,,,,,,,,,,,
-7.558053914830891,-0.29069438133964964,10.270185870396773,0.689284470663772,4.602418882539496,0.005917159763313609,,,,,,,,-7.159449711441994,0.8371822386980057,1.0320095885545015,0.0004897063762165759,-0.5562977720983326,384
,,,,,,760,0.049936749041080475,10371,4.111270049999999,60.45,13,168,,,,,,
-2.078286313252139,-0.019066846910570083,7.590509673294757,0.5688381235608239,15.07385521219112,0.3333333333333333,,,,,,,,-8.265352219343185,0.8111699288710952,0.7339173126965761,0.000489643168485376,-0.6924482034519315,448
-5.167778682789373,-0.13599417586287824,8.824922371280985,0.5121569935817283,5.9167955736629665,0.01079913606911447,,,,,,,,-8.830918356776237,0.7857096130028367,0.8119757412932813,0.0004895799648419841,-0.7653560237959027,512
-3.117983781089947,-0.10393279270299824,13.443759963869029,0.5677716395591329,7.13776833191514,0.1206896551724138,,,,,,,,,,,,,
-3.36531506062832,-0.12464129854178962,9.395733647218975,0.3031716202138329,4.542509516235441,0.009940357852882704,,,,,,,,-9.53100772202015,0.7614454170688987,1.020832457114011,0.0004895167652864001,-0.8905033711344004,576
,,,,,,781,0.049961719661951065,10571,3.57695066,59.78,13,172,,,,,,
-6.156201296203829,-0.06840223662448698,2.924601154974286,0.5002946994269105,4.575956308515742,0.05172413793103448,,,,,,,,-10.04458798468113,0.7374594062566757,1.415304378606379,0.0004894535698186241,-1.0018118917942047,640
-7.89262840894791,-0.15475741978329235,4.6524605940583665,0.37893079365091176,4.045815612655133,0.010050251256281407,,,,,,,,-10.666671812534332,0.7145724520087242,0.8795904517173767,0.000489390378438656,-1.087303957901895,704
-8.199620880981897,-0.3153700338839191,8.867560377981851,0.7026888129094628,3.9328899268293753,0.06818181818181818,,,,,,,,,,,,,
-7.955777768084026,-0.19889444420210065,15.846703312107588,1.1003606079625254,11.35856436798349,0.04365079365079365,,,,,,,,-10.952397227287292,0.6925330376252532,0.8087061182595789,0.000489327191146496,-1.1956747891381383,768
,,,,,,800,0.04997265338897705,10774,3.1095634799999994,59.03,13,176,,,,,,
-0.14223927698624728,-0.004063979342464208,15.561639683883277,0.46601413793912455,9.781981368781999,0.2222222222222222,,,,,,,,,,,,,
-2.280441627402144,-0.040007747849160426,18.895864485484573,0.7480798024922347,19.608280154061504,0.05830903790087463,,,,,,,,-11.554958149790764,0.6709782211109996,1.0561640616506338,0.0004892640079421439,-1.3187716761603951,832
-0.44005944175506073,-0.011893498425812452,14.801870894694902,0.38739759207788127,9.786814955063164,0.23809523809523808,,,,,,,,-11.973423466086388,0.649834674783051,0.970221889205277,0.0004892008288255999,-1.4551213681697845,896
-2.119283471034814,-0.0683639829366069,14.81133224184131,0.408891094692068,8.19678952707909,0.013937282229965157,,,,,,,,,,,,,
,,,,,,817,0.04997618496417999,10930,2.816378299999999,58.06,13,180,,,,,,
-1.5341912885551992,-0.043834036815862835,11.256650659545537,0.6155505029571664,7.231115352362394,0.030837004405286344,,,,,,,,-12.257157728075981,0.6296316012740135,0.9529791213572025,0.000489137653796864,-1.4885734431445599,960
-5.147426746725823,-0.061278889841974084,4.867075637402398,0.5408565378012484,7.201574388425797,0.016233766233766232,,,,,,,,-12.74309341609478,0.6105547435581684,1.1297788163647056,0.0004890744828559359,-1.566638776101172,1024
4.460723591431481,0.02593443948506675,4.051163977750179,0.23482298301636523,12.470869760029018,0.22727272727272727,,,,,,,,-13.412337526679039,0.5582192940637469,0.9458583490923047,0.00048888499456,-1.7863705195486546,1216
-8.235991116408115,-0.32943964465632464,9.983726401182116,0.7732505615626871,4.266283366363496,0.06,,,,,,,,,,,,,
,,,,,,847,0.04999198019504547,11242,2.1677848300000004,58.15,13,184,,,,,,
-8.235752305906507,-0.3294300922362603,9.765581293567628,0.7295595320871725,4.146439168602228,0.06382978723404255,,,,,,,,-13.819612219929695,0.5419941991567612,0.8929364429786801,0.0004888218399703039,-1.8345042578876019,1280
-1.7553940519591382,-0.018096845896485962,4.32994150502213,0.2653210664423913,7.730489569017664,0.01593625498007968,,,,,,,,-13.986075058579445,0.5263466192409396,0.7883975831791759,0.000488758689468416,-1.929120222106576,1344
8.471863192519962,0.07992323766528266,15.980166329177864,0.6098602578289563,30.847440858604386,0.3125,,,,,,,,-14.594897285103798,0.4966096538119018,0.8370071779936552,0.0004886324007280639,-2.0858015101403,1472
2.3075806947767052,0.047093483566871534,17.332936439654404,0.6744404174850417,15.381564608309418,0.06521739130434782,,,,,,,,,,,,,
,,,,,,873,0.0499972328543663,11515,1.8722892400000006,58.12,13,188,,,,,,
-5.644403074238967,-0.17104251740118082,13.176537085333626,0.7736624569435486,7.7795112857129425,0.08333333333333333,,,,,,,,-14.810608714818954,0.48221933329477906,0.7572369398549199,0.0004885692624895999,-2.137816956266761,1536
-6.521580572814512,-0.2037993929004535,12.913604819229297,0.812722970304538,7.3889490542933345,0.010703363914373088,,,,,,,,,,,,,
21.19336267022032,0.24643444965372466,19.65318781748369,0.33137058551205867,30.78144485154189,0.11904761904761904,,,,,,,,-15.146212130784988,0.4550476213917136,0.6765853567048907,0.000488442998276096,-2.2658234126865864,1664
-4.776540827567378,-0.14926690086148056,15.363587073838964,0.3708361672299189,8.779806180624291,0.030927835051546393,,,,,,,,,,,,,
,,,,,,892,0.05000517889857292,11694,1.8304597300000003,57.76,13,192,,,,,,
-2.1733175134744513,-0.058738311174985174,17.0734499611796,0.6422942328519986,11.335609778296202,0.28205128205128205,,,,,,,,-15.318779319524765,0.44208098528906703,0.8571349428966641,0.0004883798723010561,-2.3720287028700113,1728
-0.3087084824684414,-0.007529475182157107,15.661595436674984,0.26996018321290205,11.578990594251081,0.020522388059701493,,,,,,,,,,,,,
12.399878272490916,0.05210032887601225,5.837813029675167,0.6457138751817411,25.627165611833334,0.43103448275862066,,,,,,,,-15.600344002246857,0.3939466360025108,0.6134933368302882,0.00048812740927897604,-2.5927778370678425,1984
70.93373095634865,0.2636941671239727,11.686606979567372,0.2802624940264964,57.788312141550705,0.1320754716981132,,,,,,,,-15.921178504824638,0.35095496382564306,0.4848265186883509,0.000487875011661824,-2.8871408253908157,2240
,,,,,,946,0.050024859607219696,12275,2.28626391,60.35,12,196,,,,,,
4.757564125248612,0.08810303935645578,17.064426640272586,0.5269824570735193,16.73127559782006,0.29310344827586204,,,,,,,,-15.91815261542797,0.34091545594856143,0.4701216430403292,0.000487811922477056,-2.9999131970107555,2304
3.043107266669711,0.06615450579716764,15.552773609844655,0.4524339392346796,12.943991909036413,0.04075235109717868,,,,,,,,-16.13995225727558,0.33119098702445626,0.4506416288204491,0.00048774883738009596,-2.9846238177269697,2368
13.708446191431715,0.16127583754625546,21.331987765633343,0.5125086926341876,33.33627184620127,0.7045454545454546,,,,,,,,-15.91988255083561,0.3218175992369652,0.5506968125700951,0.00048768575637094403,-3.115284403786063,2432
3.914490096804128,0.0711725472146205,10.69638496013786,0.12339916726100021,10.602037856762763,0.05641025641025641,,,,,,,,-15.813981458544731,0.31280290335416794,0.5921215573325753,0.0004876226794496,-3.0573259964585304,2496
,,,,,,971,0.05001618340611458,12511,2.33536408,60.08,12,200,,,,,,
4.048736037201131,0.076391245984927,20.14980502114986,0.5418516137882929,19.453377429395914,0.4,,,,,,,,-16.064768239855766,0.3039955059066415,0.49667748948559165,0.000487559606616064,-3.2413306552916765,2560
21.775144959606692,0.1491448284904568,7.533049652296489,0.4032140218694433,20.302226241678,0.04142011834319527,,,,,,,,-15.862748220562935,0.2870206623338163,0.4767984808422625,0.000487433473212416,-3.30421781912446,2688
37.79514362686088,0.20429807365870745,9.647876744333047,0.22089938782711097,32.69202406308614,0.7142857142857143,,,,,,,,-15.790255934000015,0.2637285995297134,0.46935054985806346,0.00048724430376550403,-3.2933484315872192,2880
3.969299842400721,0.08445318813618556,14.447110871375866,0.540150127905766,12.321254682727158,0.1348314606741573,,,,,,,,-15.71767009794712,0.2565784901380539,0.44110394222661853,0.00048718125545881594,-3.502595454454422,2944
,,,,,,1012,0.05002555623650551,12938,2.85342947,62.23,12,204,,,,,,
-5.4350265972227225,-0.13256162432250543,12.842061180075842,0.8924948662305845,9.503198667429388,0.04405286343612335,,,,,,,,,,,,,
43.067793700519594,0.22787192434137352,13.952693704716708,0.5729297340531233,48.445883800741285,0.5384615384615384,,,,,,,,-15.535558640956879,0.2359421723522246,0.43630772503092885,0.0004869921350656,-3.645444605499506,3136
31.888618178175463,0.3842002190141622,15.963581772219996,0.47797992349504487,24.328504590783268,0.5681818181818182,,,,,,,,-15.498994320631027,0.22932126955129206,0.39543945877812803,0.00048692910311014405,-3.7049815878272057,3200
163.41166667318285,0.46689047620909385,13.853228658901353,0.2704286212231375,89.62863733107224,0.2986577181208054,,,,,,,,-15.084077537059784,0.19499516882933676,0.3750099088065326,0.000486550997221376,-3.7558256275951862,3584
,,,,,,1073,0.05001034215092659,13597,4.462576739999999,65.49,12,208,,,,,,
332.39797709213667,0.4029066388995596,13.725609070601385,0.4356463331403039,334.2211738664191,1.380184331797235,,,,,,,,-14.664890602231026,0.1383241971489042,0.3067898699082434,0.00048573227264000004,-3.9660963974893093,4416
28.027559414952172,0.18082296396743336,5.512764911464641,0.0450790209637075,15.790648680413142,0.0326530612244898,,,,,,,,-14.939176693558693,0.1314508430659771,0.26319534867070615,0.000485606376329216,-4.141742095351219,4544
41.89542320613412,0.18620188091615164,17.381270097794186,1.0970678089784345,72.17411881661974,0.7604166666666666,,,,,,,,-14.585891410708427,0.11853150720708072,0.25376629503443837,0.000485354632761344,-4.084048084914684,4800
19.879741061587957,0.26157554028405205,15.644677732390624,0.5187342209660928,21.823736486723647,0.052763819095477386,,,,,,,,-14.581556603312492,0.1155352545902133,0.23522345954552293,0.00048529170708889606,-4.079225275665522,4864
,,,,,,1196,0.04997142031788826,14874,8.709176410000001,76.14,12,212,,,,,,
34.95390257774288,0.18996686183555914,7.22040702023714,0.30250418105157395,24.451759286690503,0.2976190476190476,,,,,,,,-14.524130165576935,0.10706040041986853,0.20515426225028932,0.00048510295459839995,-3.905415266752243,5056
32.636214704480004,0.3586397220272528,14.161927359324176,0.41531350256837196,23.69485823251307,0.044036697247706424,,,,,,,,-14.477606281638145,0.10444061283487827,0.24165809783153236,0.000485040045277184,-4.093036651611328,5120
250.28502928851788,0.4634907949787368,17.15200512380137,0.3924426412786312,171.00713797658682,0.7103174603174603,,,,,,,,-14.654112920165062,0.0843814896652475,0.24127837852574885,0.0004844740453376,-3.405508236028254,5696
46.183006391514574,0.2551547314448319,13.247753376975762,1.0015198024358587,44.256349946488626,0.11056511056511056,,,,,,,,-14.765322610735893,0.08069690153934062,0.21040754462592304,0.00048434831253913596,-3.532307868823409,5824
,,,,,,1290,0.04991111904382706,15866,12.0737908,83.38,12,216,,,,,,
38.84889857452967,0.27358379277837797,10.934567603145961,0.5301966339613047,28.64816885604523,0.7435897435897436,,,,,,,,-14.983927205204964,0.07554666779469699,0.21929418412037194,0.000484159744,-3.4222309440374374,6016
253.11758585457,0.46189340484410585,17.46800608881048,0.5735613900868803,176.78983401088044,0.3193717277486911,,,,,,,,-15.05883002281189,0.06427870085462928,0.2170764112379402,0.00048365707442585607,-3.3982195048592985,6528
63.686669352545124,0.3442522667705142,13.496174194955785,0.42217918164206014,45.97230079607107,0.8620689655172413,,,,,,,,-15.428177386522293,0.06045951723353937,0.2084834163542837,0.0004834686407843839,-3.411032376345247,6720
38.74450655174025,0.3620981920723388,13.484765145051552,0.4910039243693798,26.583667633589357,0.0979020979020979,,,,,,,,-15.361022800207138,0.05800772865768522,0.22964073810726404,0.00048334303879577606,-2.741470532491803,6848
,,,,,,1385,0.0498398132622242,16844,15.896186650000002,90.49,12,220,,,,,,
55.78139913466961,0.38737082732409456,16.45311992941864,0.5563048031745605,43.66860800306313,0.7241379310344828,,,,,,,,-15.464891761541367,0.05573411122895777,0.2188911777921021,0.0004832174531584,-2.973019510973245,6976
55.49097271230798,0.2920577511174104,15.175096812689176,0.8544895442566762,53.121823403285816,0.2903225806451613,,,,,,,,-15.37627175450325,0.05269982264144346,0.21338719269260764,0.00048302910536089595,-2.94282828271389,7168
46.74948948796273,0.38007715030864003,14.424136676900645,0.38500280779029605,32.648562856717035,0.6818181818181818,,,,,,,,-15.605894401669502,0.05080533499130979,0.24772153096273541,0.00048290356060160005,-2.5300614331499673,7296
192.93841422959497,0.49344862974320963,15.902582546203393,0.3826621351197303,264.72740174352657,1.5089285714285714,,,,,,,,-16.112566620111465,0.04573322064243257,0.22964678471907973,0.000482527024431104,-1.9859884092002176,7680
,,,,,,1466,0.04976089298725128,17688,19.234997909999997,96.67,12,224,,,,,,
184.68104387471303,0.5261568201558776,16.885980119627796,0.39817216783369447,352.89281178975943,1.3804347826086958,,,,,,,,-15.948340848088264,0.04230358166387305,0.2054656387772411,0.000482213356703744,-1.7971366722485982,8000
87.95866821878693,0.5298714952938971,16.856791220988686,0.44554307199437027,51.66194485849701,0.1984732824427481,,,,,,,,-16.136489406228065,0.040465205907821655,0.25983324088156223,0.00048202520512102403,-1.6904859726782888,8192
42.64011043547573,0.3707835690041367,14.803350770515848,0.6074932276298969,31.387745366897434,0.7142857142857143,,,,,,,,-16.252037957310677,0.03921480698045343,0.2908613549079746,0.000481899791171584,-1.673874499334488,8320
512.9649268743334,0.46506339698488974,16.91578871240981,0.44962549164390025,344.5007474627346,0.4933920704845815,,,,,,,,-16.599646493792534,0.0317060227971524,0.21737208496779203,0.00048083443278233603,-0.5732728621223941,9408
,,,,,,1632,0.04958394914865494,19419,27.474734750000003,111.13,11,228,,,,,,
51.19647727256059,0.4231113824178561,14.290977037515571,0.37070176740394073,31.871679042698815,0.14537444933920704,,,,,,,,-16.642736822366714,0.031322388706030324,0.21580259990878403,0.00048070917416960003,-0.7407270661788061,9536
349.74178927626997,0.5083456239480668,16.806285637169722,0.3734514959147093,213.5008017818909,0.549618320610687,,,,,,,,-17.144111588597298,0.029055663821054623,0.2253377225715667,0.00048002054407782403,-0.7155428873957135,10240
46.39665307574992,0.47831601109020533,15.874365845342561,0.2837399160017107,28.29515362670645,0.6136363636363636,,,,,,,,-17.15817829966545,0.028886860847705975,0.2650271924212575,0.00047995796586905605,-0.23569123592460528,10304
81.48528951305748,0.40140536705939645,13.59678341753248,0.2958647908497781,50.90705241635442,0.11778290993071594,,,,,,,,-17.385974392294884,0.028319145319983363,0.2404591734521091,0.00047977025576959997,-0.39257832150906324,10496
,,,,,,1739,0.04946427047252655,20524,32.41599696,119.44,11,232,,,,,,
616.6782303406388,0.5452504247043668,16.83708215102277,0.30753968706709844,518.3499748925678,2.164576802507837,,,,,,,,-17.8308427631855,0.02652243833290413,0.2204828115645796,0.00047864476776857606,-0.2134926444850862,11648
80.6500692570124,0.48584379070489403,16.048767657681413,0.4412581287188649,49.13136080186814,0.17624521072796934,,,,,,,,-17.92062571644783,0.026375945890322328,0.23049863055348396,0.0004785197953024,-0.3293923585442826,11776
316.1827730920519,0.505892436947283,16.452423523859164,0.3613754806498205,316.1451981125865,1.2706552706552707,,,,,,,,-18.393073856830597,0.026203096698736772,0.22287715109996498,0.00047789517824000006,-0.25501750165130943,12416
28.735734867589358,0.30898639642569203,17.354369852497577,0.41816508144233777,29.684528158046305,0.11524163568773234,,,,,,,,-18.290503978729248,0.02599654081859626,0.22800068510696292,0.000477770303881216,-0.4967583949910477,12544
,,,,,,1930,0.04922210052609444,22535,42.665559290000004,136.93,11,236,,,,,,
33.6377936460247,0.3822476550684625,15.041235691794988,0.48667351947678905,24.390932479174808,0.2976190476190476,,,,,,,,-18.372072905302048,0.025994199007982388,0.2633517503272742,0.0004777078728335361,0.3025478958734311,12608
561.7860304248396,0.5617860304248397,17.803619823115266,0.2968506086881846,328.70736338943243,0.45799457994579945,,,,,,,,-18.84957069158554,0.026130447717150673,0.2262063219677657,0.00047670953201254406,-0.17707394092576578,13632
245.47916418227015,0.5775980333700474,16.685603871774262,0.2881099632182733,131.0095766321756,0.5317460317460317,,,,,,,,-19.089372605085373,0.02599328540964052,0.22114524361677468,0.000476335424,0.5044354770798236,14016
281.55564226874804,0.4152738086559706,17.383560218558383,0.5961288444983492,217.49864811263978,0.559610705596107,,,,,,,,-19.37136772274971,0.025856326625216752,0.22709528380073607,0.0004756499415203841,0.23764467285946012,14720
,,,,,,2137,0.0491502471268177,24722,53.69232694,156.62,11,240,,,,,,
43.49300476473665,0.35944632036972435,12.985233165529857,0.4641938774702396,28.939551489194855,0.7692307692307693,,,,,,,,-19.200110465288162,0.025769613566808403,0.287046933779493,0.00047552536148377604,0.05506013741251081,14848
310.23596169207224,0.593185395204727,18.652183472422532,0.21742926101949706,180.20206390321255,0.4116279069767442,,,,,,,,-19.35966157913208,0.025420773774385452,0.2002851809374988,0.00047502720484966397,-0.0763113263528794,15360
293.8324031683643,0.46055235606326694,16.25027156255089,0.3768450893427713,290.2920885439962,1.4216524216524218,,,,,,,,-19.452413469552994,0.02496104218880646,0.23235937720164657,0.000474404876959744,0.04289617948234081,16000
44.216439620485,0.40196763291349996,16.607430387323635,0.5438836848755143,33.49808510777075,0.10738255033557047,,,,,,,,-19.308849930763245,0.024904603837057948,0.22336982423439622,0.00047434266665369605,-0.11887922295136377,16064
,,,,,,2267,0.04904233664274216,26110,60.58222433,168.51,11,244,,,,,,
71.82236640591253,0.5130169028993752,15.704759598064463,0.2967786112451245,40.572720339521766,0.6724137931034483,,,,,,,,-19.438315361738205,0.02474709998932667,0.2332702404819429,0.0004741560602624,0.19801461917813867,16256
16.194472509474277,0.1704681316786766,8.685618019036296,0.5517996954246353,15.200322283431888,0.03571428571428571,,,,,,,,-19.438471615314484,0.02486056913039647,0.22374273417517543,0.000474093866307584,0.23555772274266928,16320
52.51099393590719,0.42008795148725747,14.54141901287036,0.3200127191511895,33.45286898454651,0.7045454545454546,,,,,,,,-19.299362659454346,0.024858016899088398,0.25262376433238387,0.000473969490661376,0.3617641660384834,16448
94.43068330341227,0.4745260467508154,16.184555403638054,0.5636152367013549,59.43877585581504,0.20727272727272728,,,,,,,,-19.33300656080246,0.024730390025069937,0.25091771921142936,0.000473782957850624,-0.28493981529027224,16640
,,,,,,2321,0.04901441931724548,26665,62.8639259,171.61,11,248,,,,,,
288.7955519713678,0.5418303038862435,16.18154113172798,0.2782849911886826,402.62402828148333,1.2352941176470589,,,,,,,,-19.293354958295822,0.024240453931270167,0.21645860956050456,0.0004732857168855039,-0.21384206251241267,17152
9.690817217743358,0.12424124638132511,11.298465636467439,0.7957991182840083,16.184845107607543,0.027888446215139442,,,,,,,,-19.332492232322693,0.024109009944368154,0.2223223557230085,0.00047316144752230404,-0.009853970957919955,17280
45.91428574701742,0.3858343340085498,15.005126067672132,0.4423635593365281,32.88137155701406,0.7380952380952381,,,,,,,,-19.237021923065186,0.02414491496165283,0.22080294648185372,0.000473099318972416,0.194815325550735,17344
60.65383128858565,0.3485852372907221,15.265411114318013,0.5792510705239805,48.985468331258744,0.16727272727272727,,,,,,,,-19.476568341255188,0.023869194992585108,0.21610104152932763,0.0004729129578496,-0.20896985719446093,17536
,,,,,,2405,0.04902106523513794,27565,66.76605018,178.58,11,252,,,,,,
53.82458414980907,0.4763237535381334,15.620901425908865,0.3428048037037724,32.52848050231114,0.14977973568281938,,,,,,,,-19.541695803403854,0.02367844694526866,0.24264685972593725,0.000472788737540096,-0.06990335753653198,17664
220.46356074087552,0.5079805547024782,17.204121361074044,0.3231675174017426,137.8737402271945,0.64,,,,,,,,-19.558685779571533,0.023396680247969925,0.25242438446730375,0.000472354095222784,-0.5546654203208163,18112
49.97682327903383,0.3966414545955066,13.388903325917859,0.33976548117240185,31.06312041147612,0.6590909090909091,,,,,,,,-19.503907322883606,0.023253198800375685,0.24867040617391467,0.00047222994849382396,-0.052956150902900845,18240
98.39474933877055,0.5754078908700032,18.485859808831925,0.2745477892560267,58.30284203868359,0.3277777777777778,,,,,,,,-19.403259605169296,0.023183839715784416,0.2263410435989499,0.000472105818116096,0.4601698046317324,18368
,,,,,,2482,0.04893195629119873,28405,70.89583746,184.67,11,256,,,,,,
303.5264264130019,0.5528714506612057,17.707490116849918,0.29582679484957647,325.2780340500176,1.358974358974359,,,,,,,,-19.490053921937943,0.02279612928396091,0.2181506408378482,0.00047154743376281603,0.4789135497994721,18944
51.04865532291756,0.3403243688194504,15.713789699725385,0.6666553686101365,43.48174170777202,0.15547703180212014,,,,,,,,-19.313390761613846,0.022836562508018687,0.22615667013451457,0.000471423393316864,-0.3253943168092519,19072
135.35002648846557,0.5371032797161333,17.441074565667265,0.22530449559928917,81.13418958894908,0.8645833333333334,,,,,,,,-19.379699617624283,0.022618692892137915,0.21969362907111645,0.000471175361478656,0.18138233351055533,19328
185.0909086936975,0.49755620616585344,15.073600849350175,0.26337150030439205,103.55831586709246,0.4214876033057851,,,,,,,,-19.366353273391724,0.02262370748212561,0.20224452554248273,0.0004708034363555841,-0.13972207391634583,19712
,,,,,,2606,0.04878394305706024,29724,77.82114757000001,195.99,11,260,,,,,,
25.355719544340104,0.2587318320851031,13.455937393406893,0.5998491604966151,24.255486807320267,0.2976190476190476,,,,,,,,-19.454998791217804,0.022573105292394757,0.20429472299292684,0.0004707414631424,0.038824629300506786,19776
42.14744921546091,0.3976174454288765,17.15635467752625,0.39774639112779353,33.428209222853184,0.11971830985915492,,,,,,,,-19.46808311343193,0.022563051694305614,0.23717728187330067,0.000470617528979456,-0.1224432896124199,19904
290.5224140723489,0.5663204952677366,17.912088943446378,0.3289335675243573,169.80670333094895,0.6984126984126984,,,,,,,,-19.558570057153702,0.022243697370868176,0.22894011554308236,0.00047012195584,-0.42438538681017235,20416
98.95590973472848,0.6263032261691676,17.784782029905497,0.2318734276000163,51.79584580427036,0.11228813559322035,,,,,,,,-19.47854781150818,0.022236280172364786,0.24389251065440476,0.0004699361833615361,-0.12520666676573455,20608
,,,,,,2688,0.048705779016017914,30595,82.66945770000001,203.37,11,264,,,,,,
48.442964896659255,0.4943159683332577,16.19023505433179,0.2692083092703287,29.20557963545434,0.7692307692307693,,,,,,,,-19.387440979480743,0.02220268826931715,0.2429287398699671,0.000469874267377664,-0.2635976611636579,20672
435.59595203522775,0.5701517696796174,17.52600202772463,0.25229183719943915,247.2637001662515,0.7043478260869566,,,,,,,,-19.400351136922836,0.021986884268699214,0.21665285155177116,0.000469131594420224,0.027157988399267197,21440
176.3546811798256,0.41691413990502507,17.77347813096542,0.4153159902625671,345.5993086907547,1.1794310722100656,,,,,,,,-19.25965416431427,0.02200522561906837,0.2528566832188517,0.00046869864036761595,0.03639488434419036,21888
53.69858094917297,0.4629188012859739,14.266219813224962,0.2758372502040463,30.471475827274844,0.13247863247863248,,,,,,,,-19.26718932390213,0.02201950887683779,0.23769871005788445,0.000468636806139904,-0.10322367353364825,21952
,,,,,,2820,0.0486665740609169,31992,90.04080822999998,216.21,11,268,,,,,,
56.53406267221915,0.37942323941086675,16.557559195300207,0.47643061470892717,45.48845739220269,0.7241379310344828,,,,,,,,-19.3107268512249,0.022100789443356916,0.23716557421721518,0.00046845132798361595,0.08192020165733993,22144
227.5986198308883,0.5380582029099015,16.462673902419652,0.2776560718730227,128.57036581402645,0.21663778162911612,,,,,,,,-19.29588121175766,0.021781159419333562,0.21006132010370493,0.00046808048204185603,0.22721196978818625,22528
42.62181733064633,0.4098251666408301,16.956289440479715,0.40450872751217165,32.41378000401892,0.6818181818181818,,,,,,,,-19.318552255630493,0.02170818450395018,0.2527135016862303,0.0004679568994304,0.10049646941479295,22656
55.38280318938527,0.3146750181215072,18.016141690285135,0.6337505041150086,58.39955189777538,0.15384615384615385,,,,,,,,-19.330119252204895,0.021686868829419836,0.26222029235213995,0.000467771556171776,-0.3192250689608045,22848
,,,,,,2900,0.0486246682703495,32840,93.99911250000002,222.69,11,272,,,,,,
199.10515892639708,0.4088401620665238,17.099071602777244,0.6350596982557929,291.5385269555263,1.5576923076923077,,,,,,,,-19.18675997853279,0.021680224977899343,0.24946641107089818,0.00046733923164160005,0.061674110824242234,23296
567.1619594776129,0.46911659179289733,17.75828302762208,0.5197696313456934,481.53254026919603,1.4057649667405765,,,,,,,,-19.26867863535881,0.021397090633399785,0.23642090195789933,0.00046616678903398405,-0.39254503208212554,24512
44.28187215628291,0.45185583832941745,18.216990966266565,0.34236800540708434,32.8264645463787,0.7380952380952381,,,,,,,,-19.216732680797577,0.02139504544902593,0.2508455216884613,0.000466043459866624,-0.10715002618962899,24640
655.774682119236,0.4836096475805575,16.59496885905471,0.4822386432802877,580.2268285276368,1.550351288056206,,,,,,,,-19.33101999759674,0.020864716381765902,0.2058828102890402,0.000464749490814976,0.37799683189950883,25984
,,,,,,3190,0.04827992618083954,35986,108.96403559000001,252.12,11,276,,,,,,
56.61155669034261,0.5605104622806198,17.36189655886194,0.23459446746020057,32.24865772319026,0.14977973568281938,,,,,,,,-19.278196781873703,0.02092970596277155,0.25723831076174974,0.00046468791820697603,0.47076215548440814,26048
166.37973762493036,0.40285650756641733,15.921305800037423,0.5715187904898578,121.27304650796577,0.3460410557184751,,,,,,,,-19.100756525993347,0.021032786928117275,0.2490493357181549,0.00046425702440960003,-0.13901598006486893,26496
47.5144317678133,0.48983950276096183,16.75524517224879,0.2890906240326119,29.888584786152933,0.6590909090909091,,,,,,,,-19.243187218904495,0.02096501798951067,0.24793131090700626,0.000464195484504064,0.26567941455869004,26560
193.26413449620526,0.5490458366369467,18.732162502621865,0.3301399852817007,121.71147281629965,0.5358649789029536,,,,,,,,-19.135752022266388,0.021089241869049147,0.23697879095561802,0.00046382633091481603,-0.030782630667090416,26944
,,,,,,3280,0.048258617520332336,36945,113.65154133999998,260.15,11,280,,,,,,
248.04629442683517,0.6409464972269643,16.61861008285252,0.16041904357190542,191.88771243114024,1.3333333333333333,,,,,,,,-19.155944406986237,0.021060734725324437,0.23308213613927364,0.000463457324486656,0.35582794446963817,27328
44.907081945976586,0.4119915774860237,14.183439722690357,0.4069354225525691,28.484031980624422,0.21323529411764705,,,,,,,,-19.27280494570732,0.021110833185957745,0.2228233222849667,0.00046339583772262403,0.34671367425471544,27392
538.48336928936,0.5041979113196254,17.461196288687606,0.3516390643562826,376.42601733841,1.7165775401069518,,,,,,,,-19.383367240428925,0.020878335257293656,0.22284833225421607,0.000462351188168704,-0.11920217098668218,28480
265.0009871394276,0.45532815659695464,16.67201815889201,0.43912973990434256,226.2258548650425,1.910828025477707,,,,,,,,-19.214203983545303,0.02083825398585759,0.22420469927601516,0.00046179861667840005,-0.07570309063885361,29056
,,,,,,3483,0.04823995754122734,39087,124.72014836,278.45,11,284,,,,,,
36.981986022132126,0.3424257965012234,12.859332353741584,0.3653040548661376,25.557371460134163,0.32142857142857145,,,,,,,,-19.186154544353485,0.020909062208374962,0.24187989672645926,0.00046167586797977604,-0.05941980110947043,29184
205.20247180951495,0.5747968398025629,18.00697751244373,0.2820349740521283,118.65281724161468,0.5364806866952789,,,,,,,,-19.35669532418251,0.020956566993845627,0.22896827245131135,0.00046136906776985607,0.004195880494080484,29504
391.0813298330271,0.5635177663300103,17.282582093002148,0.27129184808961687,221.56558823550586,0.9206349206349206,,,,,,,,-19.383836776018143,0.02075708724441938,0.2366901219356805,0.00046069446703513603,-0.04743397608399391,30208
222.65866863344166,0.49479704140764813,16.3716071283635,0.4199588847003983,135.97422514110804,0.35278514588859416,,,,,,,,-19.29236614704132,0.020735514495754614,0.2374127795919776,0.0004602654331904,-0.14813828154001385,30656
,,,,,,3633,0.04817173629999161,40692,133.27079968,291.77,11,288,,,,,,
51.96268931168559,0.49964124338159216,15.366521281367612,0.29186151224030865,29.424637774936855,0.7692307692307693,,,,,,,,-19.317685455083847,0.020650289341574535,0.21786984987556934,0.00046014288888217595,0.026226977235637605,30784
106.83699839603656,0.5395807999799827,17.08465749829537,0.34779753908377353,62.40337694855407,0.12903225806451613,,,,,,,,-19.302860617637634,0.020548225817037746,0.24593047727830708,0.0004599591030784,0.012823731638491154,30976
134.2258775203589,0.481096335198419,16.80992753296157,0.3022465266983589,151.9554342716001,1.0413016270337923,,,,,,,,-19.30846416950226,0.020653142157243565,0.24575851135887206,0.000459714112569344,0.07445748907048255,31232
306.7885735686597,0.515611048014554,18.140590809969982,0.37803451360992163,199.18103987397626,0.4918793503480278,,,,,,,,-19.476873755455017,0.020782344014151022,0.22742291959002614,0.00045910192244326403,-0.05874543031677604,31872
,,,,,,3746,0.04812891408801079,41864,139.22752246,301.7,11,292,,,,,,
65.99028895613753,0.4816809412856754,16.46162877497988,0.27308841962362956,41.52689306112006,0.6896551724137931,,,,,,,,-19.381360858678818,0.020817678654566407,0.22454275283962488,0.000458979533471744,-0.21982160996412858,32000
512.6987139405078,0.6506328857113043,18.16007898977496,0.23585015311703833,264.48305867565796,0.40998487140695916,,,,,,,,-19.57865083217621,0.020568173960782588,0.21492039994336665,0.00045824554301849603,-0.05724570853635669,32768
50.72716658126465,0.387230279246295,14.061092228019582,0.3169502110381205,33.908322987379506,0.7045454545454546,,,,,,,,-19.532640725374222,0.020516556891379878,0.2271326184272766,0.0004581232685056,0.16185133630642667,32896
495.63074771874483,0.6066471820302874,17.51709307446289,0.28936305312495786,264.4605543757789,0.5132575757575758,,,,,,,,-19.78216713666916,0.020432590070413426,0.22398349805735052,0.00045732888273305604,-0.241560331574874,33728
,,,,,,3927,0.04808776080608368,43733,149.66913219000003,314.58,11,296,,,,,,
492.19940273114946,0.44664192625331167,16.85553193843587,0.44806435631423774,520.5309731154703,1.9577039274924473,,,,,,,,-19.628148019313812,0.020318641880294308,0.21643848298117518,0.00045629111296,-0.19299446081276983,34816
886.8414631227107,0.595195612834034,17.941682228308878,0.24062231388820868,627.9650194840506,1.3287671232876712,,,,,,,,-19.63859412074089,0.019925380271160975,0.2261797117535025,0.000454888951894016,0.4023924460634589,36288
50.98251005755313,0.45930189241038855,15.90867436821457,0.33639380667993035,32.513280272018164,0.7380952380952381,,,,,,,,-19.725680947303772,0.01991618680767715,0.23924808693118393,0.00045476712704,-0.35381200234405696,36416
198.28204661650992,0.5901251387396128,19.343825487017334,0.2966003406534788,120.01032514683902,0.20723684210526316,,,,,,,,-19.708464294672012,0.01990209595533088,0.23677473282441497,0.00045446263644160004,0.3599488860927522,36736
,,,,,,4210,0.047859374433755875,46768,165.69756585000002,342.57,11,300,,,,,,
54.8692216742602,0.5432596205372298,17.053757431233564,0.2577596478860334,31.647093074396253,0.14537444933920704,,,,,,,,-19.881574541330338,0.01997743092942983,0.2867916214745492,0.00045434086881689605,0.49653830542229116,36864
218.03959291439492,0.6141960363785772,18.493890936009393,0.23955067091700338,121.18080815952271,0.4584837545126354,,,,,,,,-19.814175963401794,0.02012242644559592,0.24299875809811056,0.000454036521291776,-0.27292949880938977,37184
49.35812243363577,0.4935812243363577,15.94622613803121,0.32081985595540624,29.35684455325827,0.6363636363636364,,,,,,,,-19.753881365060806,0.020168132934486493,0.25345771852880716,0.00045391481089638403,0.14533505588769913,37312
1022.9564391248246,0.5795787190508921,17.490538959304548,0.3277917996349949,616.304611652391,1.5454545454545454,,,,,,,,-19.995075523853302,0.02019355265656486,0.21927713928744197,0.00045227332093542407,0.12864569469820708,39040
,,,,,,4432,0.04780131205916405,49085,178.47353925000004,361.47,11,304,,,,,,
200.1327247736705,0.5851834057709664,17.557269548831393,0.27002350279666026,210.33647690573707,1.1129848229342327,,,,,,,,-20.007438272237778,0.02029032408609055,0.23699482483789325,0.00045190895008153596,0.5666112673934549,39424
345.36905540576066,0.5288959500853915,16.19432810700532,0.2966911979006247,199.38768133276608,1.1215629522431259,,,,,,,,-20.07944682240486,0.020477817801292986,0.2503395995590836,0.000451301992349696,-0.3649542448401917,40064
343.01728618957344,0.5893767803944561,15.973986916998527,0.2196320972396779,321.8080178645905,1.1798561151079137,,,,,,,,-20.243367612361908,0.020132266799919307,0.28097463212907314,0.000450756079898624,0.16069932718528435,40640
204.09255977521738,0.5685029520201041,18.02149970783154,0.275620357067162,119.49270895845257,0.35097493036211697,,,,,,,,-20.14583930373192,0.01996919431257993,0.24268722510896623,0.0004503923222159361,-0.5506749749183655,41024
,,,,,,4616,0.04784989729523659,51017,187.07035355,374.2,11,308,,,,,,
39.57566580345255,0.3733553377684203,12.745035343886242,0.3922082640781907,24.897670071106404,0.30952380952380953,,,,,,,,-20.197795927524567,0.01990194819518365,0.24632959021255374,0.000450331710242816,0.2558052046224475,41088
125.17056008438865,0.558797143233878,16.622163007831706,0.313996363392343,68.78240051306784,0.45161290322580644,,,,,,,,-20.025314152240753,0.019772706466028467,0.2536725199315697,0.000450089303228416,0.3223632712615654,41344
429.4667340696975,0.615281853968048,17.211270971645256,0.2370644625718453,221.89433476503473,0.9206349206349206,,,,,,,,-20.30247786641121,0.019609275448601693,0.23719408875331283,0.00044942302118297606,-0.09574509802041575,42048
606.8069873090226,0.6179297223106136,18.050374927140652,0.29948049591178394,327.54754977836274,0.7362637362637363,,,,,,,,-20.34535840153694,0.019641162478365004,0.22229601722210646,0.000448515251879936,0.20357589318882674,43008
,,,,,,4802,0.047800786793231964,53023,194.85820218000003,381.49,11,312,,,,,,
49.8959695423393,0.48917617198371866,15.717979146786146,0.3570120854883927,29.530225382186472,0.7692307692307693,,,,,,,,-20.301703244447708,0.01968447773833759,0.29000176559202373,0.00044839428546559996,0.31125389446970075,43136
73.79048362664555,0.46409109199148146,14.60220614961697,0.37083148692108053,42.69262053957209,0.12316715542521994,,,,,,,,-20.383383065462112,0.0196769431931898,0.24215713259764016,0.00044827333540249604,-0.5516281437012367,43264
485.8242115848617,0.6358955649016514,17.588650115982208,0.19397172355461514,459.95404228614643,1.5155440414507773,,,,,,,,-20.43028762936592,0.019297467690194026,0.23049286776222289,0.00044754797839974405,-0.24842738872393966,44032
241.48991229148194,0.44803323245172905,15.362934914032566,0.46647228901883897,152.83623392670415,0.23993558776167473,,,,,,,,-20.475463449954987,0.019159843650413677,0.2549955272115767,0.000447064734089216,-0.04126667429227382,44544
,,,,,,4948,0.047759003937244415,54583,199.72801837000003,387.17,11,316,,,,,,
70.32033724495952,0.5409256711150732,17.122991068754633,0.3057900622652915,41.0187454498373,0.6724137931034483,,,,,,,,-20.45224955677986,0.019093901821179315,0.25599447335116565,0.000446943963889664,-0.016653530881740153,44672
741.625497071691,0.570042657241884,16.91633982915639,0.3646493273896464,406.6802394143306,0.4883720930232558,,,,,,,,-20.36858096718788,0.018990800861502066,0.2498719480354339,0.00044567686399999996,0.14756904158275574,46016
40.26838472492065,0.3145967556634426,13.88552419507903,0.6507048131086275,32.68444113433361,0.6818181818181818,,,,,,,,-20.404361218214035,0.01909600425278768,0.2404669956304133,0.00044555628183961605,0.24974324239883572,46144
126.86891522701441,0.4787506234981676,16.114115123807768,0.3500999659097054,78.77415549359284,0.20604395604395603,,,,,,,,-20.37142637372017,0.019151375541696325,0.2551258143503219,0.000445315166572544,0.16326151601970196,46400
,,,,,,5119,0.04763782396912575,56403,205.57526185999996,395.59,11,320,,,,,,
128.47283774289568,0.47406951196640473,15.127711796116111,0.29192714143343745,175.43407315644436,1.1460176991150441,,,,,,,,-20.51395085453987,0.01932690874673426,0.26036084652878344,0.00044507411671039997,-0.36527700221631676,46656
35.28731116255747,0.2800580250996625,15.821980871362097,0.8145073244251942,36.70980227040127,0.2558139534883721,,,,,,,,-20.421262443065643,0.019324471038999036,0.25492415903136134,0.000444953616306176,0.1447731419466436,46784
54.14248257752433,0.42970224267876456,15.063239503470351,0.3814566760602807,34.918309473316185,0.7857142857142857,,,,,,,,-20.271172523498535,0.019272005796665326,0.24668352771550417,0.00044483313225318394,0.01604210981167853,46912
106.02213305842358,0.36685859189765946,14.477175526084217,0.5104383537016002,77.09538815286942,0.18357487922705315,,,,,,,,-20.367851048707962,0.01930315190111287,0.33913735789246857,0.000444592213200896,0.45842503453604877,47168
,,,,,,5194,0.04761908948421478,57211,205.30562682999997,395.23,11,324,,,,,,
55.152828956715965,0.5203097071388298,16.408719864306335,0.23803420782510673,32.020797163946554,0.14977973568281938,,,,,,,,-20.38084641098976,0.019401315366849303,0.28781121666543186,0.0004444717782016,0.004280244465917349,47296
149.41762510142146,0.4698667456019543,15.4793652561035,0.37097325928005,90.78529091924429,0.28846153846153844,,,,,,,,-20.169244676828384,0.019351946481037885,0.26497963909059763,0.00044417076224000004,-0.31980215944349766,47616
41.80966740416314,0.4223198727693247,15.721206202498422,0.41016284920608187,28.606301672756672,0.6363636363636364,,,,,,,,-20.217418164014816,0.019329828763147816,0.27179196127690375,0.000444050384470016,-0.07817250915104523,47744
391.66197174125466,0.4926565682279933,15.861069108584555,0.4065934451598371,356.33255697367713,1.1581632653061225,,,,,,,,-19.979730755090714,0.01934301614528522,0.2885500101838261,0.000443328461225984,-0.1652391286334023,48512
,,,,,,5315,0.047509584575891495,58525,203.40430546,391.06,11,328,,,,,,
141.10399098483794,0.5806748600199092,16.393431880199866,0.19800652832911983,191.3197473224718,1.0684931506849316,,,,,,,,-20.146610915660858,0.01923499020631425,0.2773871261160821,0.000443087950954496,0.10350434295833111,48768
157.44241504054528,0.5543747008469905,18.59034355033466,0.318199181122391,97.55200108420104,0.2757660167130919,,,,,,,,-19.923267424106598,0.019152501539792866,0.2842841388192028,0.0004428475060879361,-0.5248415011446923,49024
359.05375631861114,0.6321368949271323,17.65813524332933,0.221508473102499,326.9566620637197,1.1433070866141732,,,,,,,,-20.225271373987198,0.01913393966970034,0.2676445406395942,0.00044230674427494403,-0.4559194596367888,49600
183.19385921268906,0.5797274025718008,16.643661196333383,0.24369917515044337,97.16246126638725,0.2033195020746888,,,,,,,,-20.001644372940063,0.019102628983091563,0.2666313655208796,0.00044200646411878404,0.26225801947293803,49920
,,,,,,5446,0.04742259532213211,59932,206.52476745000004,394.08,11,332,,,,,,
36.21692968554437,0.3852864860164295,14.59295058324842,0.40383356468556914,25.246175764361396,0.30952380952380953,,,,,,,,-19.974257230758667,0.01914788896101527,0.2532142363488674,0.000441946420350976,-0.10613408626522869,49984
447.71800467163115,0.47478049275888773,16.386831333406242,0.4692000866787699,352.83935168979224,1.2435344827586208,,,,,,,,-19.84666880965233,0.019332305382704362,0.2533987120259553,0.0004410462543708161,0.40764471399597824,50944
436.7520107781023,0.6284201593929529,17.300414881085374,0.20857688262872118,222.04705746169202,0.9206349206349206,,,,,,,,-20.019341439008713,0.01930111926048994,0.2557893330231309,0.00044038671720857597,-0.2908364011673257,51648
28.518830955881974,0.2665311304288035,13.81052763244314,0.6750433694725451,27.17451043962501,0.0856269113149847,,,,,,,,-19.920336961746216,0.019155186164425686,0.2558482016902417,0.00044026685450239997,-0.27017423033248633,51776
,,,,,,5615,0.04736759141087532,61767,205.59434597,392.32,10,336,,,,,,
49.02435578730712,0.4497647319936433,14.70035776459427,0.3309974758739647,29.470142619218677,0.7692307692307693,,,,,,,,-19.81645432114601,0.01915831127553247,0.272358619607985,0.00044020692928102405,-0.052197949757101014,51840
453.40578189387236,0.521156071142382,18.18256496285345,0.4100173870851549,292.15689618885517,0.6449438202247191,,,,,,,,-20.06693196296692,0.019200021866708994,0.2617660139221698,0.00043936840540159997,-0.11300158291123807,52736
413.5544028437141,0.49825831667917364,18.05029819626774,0.4299307660438812,391.5193012638483,1.4146341463414633,,,,,,,,-20.088253289461136,0.019132848596200347,0.25681953877210617,0.000438590493495296,0.21593397087417543,53568
235.14038066784593,0.45046049936368954,16.64426380644577,0.48606002953095956,160.37488857470453,0.3976470588235294,,,,,,,,-20.24834057688713,0.019033536867937073,0.26362567814067006,0.000438112121851904,-0.24195151531603187,54080
,,,,,,5831,0.047317638993263245,64094,205.88137949000003,393.72,10,340,,,,,,
72.92066965016505,0.5441841018669034,16.395569584371042,0.3398186008475866,40.46179512958042,0.6724137931034483,,,,,,,,-20.05936551094055,0.01881612229044549,0.25800985121168196,0.000437992569819136,0.25259604526218027,54208
28.844140706988554,0.2670753769165607,11.584038382045085,0.6520282106267387,22.990261872764677,0.1340782122905028,,,,,,,,-20.15737310051918,0.018846042192308232,0.25550689618103206,0.00043787303413759995,-0.3693903942767065,54336
46.96275992829886,0.38494065514999065,14.668066329726456,0.43921487782283786,32.91010459046811,0.7045454545454546,,,,,,,,-20.061748504638672,0.01888669590698555,0.25757100246846676,0.00043775351480729595,0.04368426639121026,54464
205.41808462325687,0.5034756976060217,15.572722343201468,0.3246777438063054,117.23440206726082,0.4253731343283582,,,,,,,,-20.13742443919182,0.018985204078489915,0.26103669265285134,0.000437395054923776,-0.015271789743565023,54848
,,,,,,5903,0.047299183905124664,64862,202.50540893999997,387.52,10,344,,,,,,
474.44264845793964,0.5688760772876974,18.218379552466914,0.3582735174444256,445.6619036793709,1.8104575163398693,,,,,,,,-20.07444930076599,0.01893426652532071,0.2663893711287528,0.000436618896687104,0.2846625690581277,55680
36.90318635029613,0.23505214235857408,13.092218849657838,0.47021662507412393,37.96128657110967,0.06537102473498234,,,,,,,,-20.237252324819565,0.01903236092766747,0.25320636527612805,0.000436499549044736,0.27914173784665763,55808
57.025978928837844,0.5091605261503379,15.870803076474356,0.3478375986243644,32.767832913435996,0.7380952380952381,,,,,,,,-20.168563961982727,0.01903577722259797,0.260959732811898,0.00043638021775360003,-0.18210183712653816,55936
1392.4601749561402,0.5244671092113522,17.214539275174566,0.3736346496274339,1198.4033628278412,3.2951807228915664,,,,,,,,-20.316167294979095,0.019010717776836827,0.2577271615155041,0.000433878037774336,0.09597058570943773,58624
,,,,,,6250,0.04715104028582573,68616,219.76411911,419.51,10,348,,,,,,
1202.4987843479344,0.5653496870465136,17.236484662589326,0.32338375112675444,811.5971390861087,1.519585253456221,,,,,,,,-20.58585697412491,0.018783377134241164,0.25145844789221883,0.00043191709788160005,0.22318882221588865,60736
1044.496915811371,0.5212060458140574,16.551612362712298,0.34712561806349984,679.8371597547084,1.6774193548387095,,,,,,,,-20.61897501349449,0.01878849498461932,0.2587272624950856,0.00043007905793638403,-0.35004067051340826,62720
161.51497480946628,0.40993648428798546,15.066305073530033,0.5149910820238566,177.26283624768257,1.2635983263598327,,,,,,,,-20.505859792232513,0.018679559841984883,0.2590928173158318,0.000429723762016256,0.36891992134042084,63104
676.5004889481249,0.6061832338244847,18.06078786359722,0.24594719516340746,462.6463606234174,1.2108108108108109,,,,,,,,-20.688077569007874,0.018497656943509355,0.229833492776379,0.0004286587572224,0.1969178542494774,64256
,,,,,,6767,0.04668942093849182,74253,246.56366490999997,466.88,10,352,,,,,,
428.86363412919474,0.6316106540930703,18.050659697638295,0.27133690754191575,350.4936892273836,1.3269565217391304,,,,,,,,-20.94092506170273,0.018376650841673836,0.23141007381491363,0.00042806766018559995,0.01779094827361405,64896
380.66052666468045,0.55008746627844,17.115304157731675,0.3442230527793999,218.53145412774757,0.759075907590759,,,,,,,,-20.706069946289062,0.018362883885856718,0.23722019139677286,0.000427417925586944,-0.4369758573593572,65600
566.1911609480989,0.6154251749435857,16.769721893115822,0.20815484843930857,465.92109119705856,1.543859649122807,,,,,,,,-20.855702072381973,0.01835446120821871,0.23871887451969087,0.0004265917060096,-0.12076316005550325,66496
1475.6728106973862,0.5558089682476031,17.82955541769203,0.33685258168957033,1222.790668145637,2.2181818181818183,,,,,,,,-21.09029769897461,0.01823810682981275,0.23374186572618783,0.00042411785453977597,0.038239629939198494,69184
,,,,,,7219,0.04630357027053833,79195,270.85058727000006,507.9,10,356,,,,,,
29.415286378212308,0.31973137367622073,15.198802367440894,0.42355483683845563,25.717072539031506,0.32142857142857145,,,,,,,,-21.14328396320343,0.018204281572252512,0.2324006634298712,0.000424059041202176,-0.33273514127358794,69248
602.6294437230436,0.6710795587116298,19.02136554969896,0.2620953065070877,315.7089779007947,0.7951219512195122,,,,,,,,-21.130492091178894,0.018372645688941702,0.22902985266409814,0.00042323608369561604,0.028897010954096913,70144
1393.621448985987,0.6652131021412826,18.52291675522483,0.20136675110621205,969.0108642595587,2.451492537313433,,,,,,,,-21.173031359910965,0.018091214093146846,0.24064678023569286,0.0004212994253824,-0.13982297119218856,72256
748.6307947174237,0.5224220479535406,17.712597657362224,0.47759971418160313,511.10449883691035,1.46875,,,,,,,,-21.39909353852272,0.01807574401027523,0.25277765560895205,0.00042001079296409604,-0.2446679153945297,73664
,,,,,,7642,0.04596884548664093,83709,291.84335044999995,539.85,10,360,,,,,,
1312.665978472535,0.5503840580597631,17.229042977021,0.3570648115167054,1099.1336913229898,4.51101321585903,,,,,,,,-21.527807742357254,0.018055758555419743,0.25404913956299424,0.00041778963343359996,0.08090263267513365,76096
582.7203047218052,0.674444797131719,18.403900305866344,0.19071577789683256,293.9413580498658,0.952076677316294,,,,,,,,-21.65480238199234,0.017850393429398537,0.23960579559206963,0.000417031118176256,0.004174105008132756,76928
1168.0496490312155,0.5648209134580345,18.4095713001242,0.32208429601443095,957.5989553655963,2.351437699680511,,,,,,,,-21.84107717871666,0.01766145200235769,0.2311313475947827,0.0004151669469184,0.2952065006829798,78976
804.9718953071658,0.6084443653115388,18.200580971977136,0.2690852423234226,444.7576890566852,0.6322314049586777,,,,,,,,-21.821350038051605,0.017554479331010953,0.23762275208719075,0.0004139458593955841,-0.03179535979870707,80320
,,,,,,8275,0.04547270014882088,90345,325.95689624999994,597.5,10,364,,,,,,
82.74580168652703,0.4701466004916309,14.022240704038298,0.3520565940028048,45.573268774547614,0.7413793103448276,,,,,,,,-21.787831038236618,0.017582411761395633,0.24691698956303298,0.000413771565481984,0.21468211768660694,80512
220.4402516998016,0.5770687217272293,17.596904541478917,0.27028528525521917,124.10449707158841,0.5603448275862069,,,,,,,,-21.774200707674026,0.017553864483488724,0.24921022891066968,0.00041342308802560005,-0.030290685361251235,80896
47.13551481748765,0.38321556762185083,14.734841199110813,0.4367922811524813,33.38202555477619,0.7045454545454546,,,,,,,,-21.8598852455616,0.017463185417000204,0.24942222726531327,0.00041330696157593607,-0.09353008470498025,81024
131.15125903523588,0.4445805391024945,15.495773634263273,0.3803674191000577,84.37933731405064,0.5641025641025641,,,,,,,,-21.69674515724182,0.01756969580310397,0.25358875561505556,0.000413074757730304,0.006794017623178661,81280
,,,,,,8368,0.04539313539862633,91317,323.63142189,593.25,10,368,,,,,,
1445.1626122884866,0.5612281989469851,17.94123750023082,0.33746006294237,1068.884487733012,2.7091757387247277,,,,,,,,-21.812114596366882,0.01730145074543543,0.244013209361583,0.00041069843931545606,0.3302389772143215,83904
421.102903517388,0.6156475197622631,16.77903763491537,0.1959748619589064,476.0611692876555,2.235059760956175,,,,,,,,-21.688974380493164,0.017565331800142303,0.2369636839721352,0.0004101198918492161,0.019487181532895193,84544
765.1022043391663,0.5376684499923867,17.839228626360594,0.3189341783885962,708.0941122884396,2.201550387596899,,,,,,,,-21.683179706335068,0.017040743958204985,0.24986166669987142,0.000408848526331904,-0.6240348049905151,85952
199.77633034320667,0.5691633343111301,16.87853747470972,0.30590690775127805,109.48899714578874,0.888,,,,,,,,-21.67121547460556,0.01700193595024757,0.2644795656669885,0.00040850213365760006,0.2538284600013867,86336
,,,,,,8842,0.04470071196556091,96346,348.12149790999996,635.06,10,372,,,,,,
3527.2941903972956,0.5956254965209887,17.61303866843425,0.29271432504308575,2454.901889294386,6.323076923076923,,,,,,,,-21.889667451381683,0.01679272865294479,0.26063812314532697,0.00040320920715673607,-0.1893962622852996,92224
656.6801541451409,0.5816476121746156,18.281661684875978,0.325224542285972,381.3259083237499,0.6811091854419411,,,,,,,,-22.089167416095734,0.016855641413712874,0.2515802683774382,0.0004021776815104,-0.31731957918964326,93376
1259.1239188765996,0.5679404234896706,17.047539113215,0.29943333399701655,818.4646951078903,3.561461794019934,,,,,,,,-21.99168488383293,0.016438266320619732,0.24761676089838147,0.00040017572864,0.0946071578655392,95616
1147.3467893000384,0.5605016068881478,17.49495053755047,0.31303815331062235,761.6853764108382,1.2686567164179103,,,,,,,,-22.074648767709732,0.016472005780087784,0.2603189579676837,0.00039834975386009603,0.40276464098133147,97664
,,,,,,9902,0.04355062171816826,107657,399.36308253000004,716.71,10,376,,,,,,
4241.81670071294,0.6141330100930852,17.82206303162615,0.2648539873950704,3000.0732601296622,6.757201646090535,,,,,,,,-22.503079116344452,0.016050277481554076,0.24391461187042296,0.00039221799280640007,-0.19176623795647174,104576
1304.4357353222574,0.6092647058954962,18.046740736784404,0.31448740759539107,886.3154600854032,1.5652173913043477,,,,,,,,-22.365585446357727,0.01607528078602627,0.2519126837141812,0.000390353909436416,-0.06656592816580087,106688
1002.5993054088225,0.5505762248263715,16.36393548523921,0.3318541694544388,698.1322714958806,2.3290598290598292,,,,,,,,-22.370833456516266,0.015950097847962752,0.2565809160005301,0.00038877575392870403,0.2620454737916589,108480
2387.4252259880213,0.6336054209097721,18.591728315071517,0.2631498326288979,1794.048960799235,4.29153605015674,,,,,,,,-22.57535547018051,0.0157910936686676,0.2536457641981542,0.00038546084618240004,-0.32055584504269063,112256
,,,,,,11251,0.04208032786846161,122290,484.0888897000001,853.45,10,380,,,,,,
3976.667248417267,0.6110429084845216,18.089457329336966,0.26613631199197135,3000.3298075192142,8.264598540145986,,,,,,,,-22.765422880649567,0.015979953983332962,0.2504622940905392,0.00037976355371417605,0.1983340559527278,118784
326.4142811196973,0.738493848687098,20.059322068236916,0.16580334929089485,163.91471292776987,0.32,,,,,,,,-22.779546439647675,0.016037879540817812,0.24260703567415476,0.00037937412255334397,0.22069923928938806,119232
1666.7819887164771,0.6792102643506427,18.889789362243338,0.19375954302703038,923.0967211611569,2.4870317002881843,,,,,,,,-22.979529052972794,0.01596226720721461,0.2398581109009683,0.00037726356275609603,0.38624839135445654,121664
1156.9064748058547,0.6931734420646224,18.33341117663774,0.18545375790755664,815.6401809640229,3.0859598853868193,,,,,,,,-23.01723000407219,0.01584542664932087,0.2483288429211825,0.00037582289658265604,0.04866924951784313,123328
,,,,,,12269,0.041080161929130554,133359,544.3922150999999,942.72,10,384,,,,,,
3034.1207255235076,0.6659615288681975,18.63271685746278,0.2095027370010447,2593.8366712769493,8.5,,,,,,,,-23.31981661915779,0.01545741614245344,0.24278979212976992,0.00037190284609126407,0.026735446648672223,127872
2974.7073904413837,0.6026554680796968,17.82459392713791,0.2833989915688185,2219.8565488327295,4.167808219178082,,,,,,,,-23.371327608823776,0.015415988600580022,0.25850967643782496,0.000367620066000896,0.19004085985943675,132864
1950.919026995733,0.631365380904768,18.07355672373407,0.25521082174574783,1606.026035659248,5.46742671009772,,,,,,,,-23.4519302546978,0.015496046500629745,0.2491756014060229,0.0003649968705536,-0.13697400223463774,135936
1658.7020297272672,0.7404919775568157,20.082468199039596,0.16758506532358727,1244.9718344390858,2.5774436090225565,,,,,,,,-23.562396109104156,0.015443330790731125,0.24588294187560678,0.00036309006141440004,-1.1534977534320205,138176
,,,,,,13661,0.03977419435977936,148177,632.01781675,1074.85,10,388,,,,,,
3701.5551742170564,0.6635989914336781,18.60986017316101,0.21006636518496763,3074.193100939272,8.003831417624522,,,,,,,,-23.785711020231247,0.015041185964946635,0.23480955651029944,0.00035837197269401606,-0.04258989356458187,143744
4032.7847119689545,0.6539297408738373,18.815218970816126,0.24599091479741597,3053.877891454613,7.0018587360594795,,,,,,,,-24.024672210216522,0.015029147631139494,0.23119714786298573,0.000353201713135616,-0.040283166570588946,149888
2695.387318463253,0.6554930249181062,18.809461557401466,0.23678813959509254,1688.4775225666817,3.2985915492957747,,,,,,,,-24.058250159025192,0.01491453722701408,0.23918453906662762,0.000349775803006976,-0.2272703698836267,153984
3440.497090382711,0.6263420881818152,18.192030845524087,0.2678284392925272,2811.8010093617486,7.098684210526316,,,,,,,,-24.064291417598724,0.015012891133665107,0.25658664107322693,0.00034519860263321596,0.10632814501877874,159488
,,,,,,15634,0.03802934288978577,169523,764.72119878,1276.59,10,392,,,,,,
2650.9636183479847,0.68535770898345,18.75076605086839,0.19557617400214497,1873.8351577285212,4.607806691449814,,,,,,,,-24.15678369998932,0.014779838835238479,0.2690725368447602,0.00034197031145062406,0.00817781500518322,163392
4723.289397996515,0.6875239298393763,19.193270740055663,0.2004563820827856,3000.1832747606095,7.457142857142857,,,,,,,,-24.357278019189835,0.01475251630472485,0.24598155659623444,0.00033634431239782406,-0.23760480096098036,170240
4369.785130183744,0.6888059789066431,19.15319909611842,0.20812828079057943,3000.197177998256,6.283950617283951,,,,,,,,-24.364188224077225,0.014609853227739222,0.24753301846794784,0.00033118063216639994,-0.31411192554514855,176576
4731.712908013879,0.717252221921158,19.638359554447053,0.18057233266577885,3000.2168198272702,6.689075630252101,,,,,,,,-24.642660945653915,0.01455667156551499,0.29975257627665997,0.000325850843856896,0.10081792459823191,183168
,,,,,,17861,0.036420658230781555,193198,918.2285837599999,1494.65,10,396,,,,,,
1048.7668497469663,0.6518128339011598,18.66018816783751,0.19759550983601634,819.3902583007002,2.5,,,,,,,,-24.71074929833412,0.014549155093845911,0.24969559512101114,0.000324563746410496,-0.5280359954340383,184768
4210.660234361133,0.6874547321405932,19.24881892670207,0.18871658092753338,3072.487480775453,7.003012048192771,,,,,,,,-24.67417499423027,0.01438574014173355,0.25431808177381754,0.00031964503420518406,0.14308876951690763,190912
3939.6869321519075,0.6995182763053813,19.34938947901363,0.18770995732871557,3000.1772506956477,7.898550724637682,,,,,,,,-24.931469410657883,0.014224432918126695,0.32361734565347433,0.000315169309577216,-0.15991786331869662,196544
4860.236935789321,0.7038721123518206,19.476158658276564,0.18063572613305073,3000.2577850945527,6.350877192982456,,,,,,,,-24.979748904705048,0.014191757203661837,0.2852778600063175,0.00030971964016640005,0.457139580976218,203456
,,,,,,19772,0.0353267528116703,213465,1042.53872039,1666.97,10,400,,,,,,
3407.329882332546,0.7022526550561718,19.112534615178554,0.18535080263682707,2506.3786307044793,6.2398081534772185,,,,,,,,-25.084678322076797,0.014013642197824083,0.27659635921008885,0.00030591326957158396,0.12925800285302103,208320
3722.8980612345567,0.7247222233277315,19.673912125644424,0.16278953805201463,3000.082998641301,9.16530612244898,,,,,,,,-25.14875641465187,0.013939757976913825,0.24721650127321482,0.000301932071604224,0.22548780858051032,213440
4443.004951803632,0.7392687107826343,20.174916960431013,0.1524968385878232,3000.282087895088,6.062068965517241,,,,,,,,-25.20633214712143,0.013851056923158467,0.2694523793179542,0.0002972875940864,-0.3109727621776983,219456
1914.0170785505138,0.6882477808523962,19.490914262435922,0.18246086503990802,1314.8339745064732,2.9246119733924614,,,,,,,,-25.418371826410294,0.01371230166114401,0.2625363334082067,0.0002951750333071361,-0.15323479246580973,222208
,,,,,,21517,0.03439805284142494,232241,1163.95864653,1831.56,10,404,,,,,,
4158.813072025075,0.6919822083236398,19.343415804834073,0.1841675533816353,3000.1497086943127,7.320987654320987,,,,,,,,-25.41773423552513,0.013664426587638445,0.26378980558365583,0.0002905831985807361,-0.17169249604921788,228224
4214.215313826557,0.7013172431064332,19.41049365387184,0.18440215644322933,3053.695675526629,6.003389830508475,,,,,,,,-25.412272423505783,0.013704187294933945,0.2564980471506715,0.00028602748372582405,-0.07826545799616724,234240
4047.0183609194305,0.73622309640157,20.18895033759819,0.15472761809339997,3005.1450218474492,6.001919385796545,,,,,,,,-25.534795939922333,0.013616765310871415,0.26266480050981045,0.000281891128918016,-0.4163255771563854,239744
4491.606281984511,0.7224716554583418,20.08254699107425,0.17067142302282,3000.0199349450995,7.371014492753623,,,,,,,,-25.671081453561783,0.013353893940802664,0.25605798000469804,0.00027726198681190406,-0.4501192516181618,245952
,,,,,,23771,0.03319499269127846,255970,1322.14905642,2049.53,10,408,,,,,,
4554.049790570073,0.7193255079087147,19.74573612366627,0.1646618326663509,3082.622229662724,8.006535947712418,,,,,,,,-25.673999160528183,0.013436107357847504,0.2893295541871339,0.00027257705839001594,-0.5878676797728986,252288
4490.418837556968,0.7236774919511633,19.875845354716574,0.17670274884008533,3000.0841937630903,6.524781341107872,,,,,,,,-25.778755843639374,0.013331065259990282,0.27870198898017406,0.0002680256336896,-0.20183346408884972,258496
4151.423724102647,0.7226150955792249,19.467864251519874,0.1608202879229577,3000.0148004069924,8.001730103806228,,,,,,,,-25.809228032827377,0.013380414748098701,0.2754893824458122,0.0002638370612224,-0.20135622925590724,264256
3989.7523645332762,0.6995883507861259,19.516217176700902,0.1974436345264678,3046.239174297778,8.002551020408163,,,,,,,,-25.950771927833557,0.013106118945870548,0.2717039871495217,0.00025972758988390405,0.04991736670490354,269952
,,,,,,25995,0.03226318955421448,279950,1481.99564764,2269.27,10,412,,,,,,
4408.290952595783,0.7376658220541805,20.426818524656866,0.16735295145496107,3000.3170669834362,5.208333333333333,,,,,,,,-26.04712986946106,0.01301027754379902,0.2688364991918206,0.0002554680183234561,0.20844779635081068,275904
4622.74537103863,0.7320261870211607,20.009967062666554,0.17053786994599396,3000.375082811108,5.886075949367089,,,,,,,,-26.075152665376663,0.01294731606321875,0.26540187536738813,0.000250972486221824,-0.24186148116132244,282240
4555.704721860177,0.7469592919921589,20.32474856996529,0.14434029835764087,3000.255349723855,5.537974683544304,,,,,,,,-26.103458434343338,0.012930593788041733,0.2539992514066398,0.000246696260931584,-0.04628086258890107,288320
3949.828645438658,0.7524916451588223,20.313789579186555,0.14674672416822712,3000.1002333590295,6.410048622366288,,,,,,,,-26.24238684773445,0.012626151044969447,0.25733020110055804,0.00024303486853529597,-0.12773467251099646,293568
,,,,,,28218,0.03148052841424942,303585,1648.85093409,2490.02,10,416,,,,,,
4373.63438490701,0.7303998638789262,20.283814054926726,0.1646849316020398,3000.010298467125,6.979439252336449,,,,,,,,-26.450268536806107,0.012210716304252855,0.27530288812704384,0.00023887147696537598,-0.7271720005664974,299584
4591.3041821022625,0.7486228896302402,20.34979581052987,0.156286047790688,3000.049816062674,5.991513437057992,,,,,,,,-26.761260718107224,0.011488489471958019,0.26262148609384894,0.00023470049229209604,-0.8555695875547826,305664
4615.565072314408,0.7500105739867416,20.437260367483415,0.1424628763086789,3000.116270984523,6.7408,,,,,,,,-26.924968719482422,0.011370374952093698,0.3113738256506622,0.00023047976308326404,-0.15061018045525998,311872
4167.454914402616,0.7471235056297267,20.622013004295574,0.16222947413091374,3000.166057891911,6.30593607305936,,,,,,,,-27.221706181764603,0.011187434429302812,0.27153073460794985,0.00022672687941222404,-0.495733501855284,317440
,,,,,,30412,0.03081882745027542,327434,1816.5389506899999,2710.31,10,420,,,,,,
4232.255749675568,0.7425010087150119,20.53168040836578,0.16028056428223825,3071.2786690143403,7.005524861878453,,,,,,,,-27.30102413892746,0.011056719449697994,0.256926508853212,0.00022291973826559994,-0.46394440764561296,323136
5023.482172042216,0.7717747998221257,21.07434394398931,0.12821960258662157,3000.1563200600212,6.660869565217391,,,,,,,,-27.610683113336563,0.010826471872860566,0.3013146622106433,0.000218638497234944,0.38922236883081496,329600
4316.151838624254,0.7522049213357013,20.508529952493394,0.14180517830457182,3000.141980923596,8.380116959064328,,,,,,,,-27.76353457570076,0.010798066185088828,0.27634758478961885,0.00021485866468966402,-0.07391033880412579,335360
4483.3884416760775,0.7591243551771212,21.128742967284413,0.14320826418831464,3033.877463272831,6.005434782608695,,,,,,,,-27.82773596048355,0.010751271329354495,0.25356841553002596,0.00021102905899417603,0.4722569832811132,341248
,,,,,,32649,0.03036690130829811,351283,1993.8517548300003,2940.72,10,424,,,,,,
4253.00863900852,0.7465347795345831,20.75522903028094,0.1677348031740361,3000.011060042889,7.727544910179641,,,,,,,,-28.0217944085598,0.010339272324927151,0.27281259023584425,0.00020735725699481597,-0.248722177115269,346944
4250.112412051851,0.7580011435797843,20.5528688106842,0.1392250439601136,3000.271349757677,6.107491856677524,,,,,,,,-28.074230939149857,0.010249887563986704,0.26722728717140853,0.0002037585470464,-0.37917427183128893,352576
4629.918435956047,0.7516101357071504,20.498264707053938,0.14622352166960667,3000.394033266697,6.419426048565121,,,,,,,,-28.25093114376068,0.010109928232850507,0.25057423720136285,0.00019986878516838405,-0.30982375517487526,358720
4499.874840262481,0.7521101187134348,20.756201958133925,0.13994148484744498,3000.1339078339515,7.015444015444015,,,,,,,,-28.36235022544861,0.01001569940126501,0.2504573934711516,0.00019609656412160003,0.005630071507766843,364736
,,,,,,34875,0.03002464957535267,374726,2163.80010204,3162.01,10,428,,,,,,
3985.2111751123325,0.7702379542157581,21.01512175459849,0.12649132563319881,3008.863423051196,6.001968503937008,,,,,,,,-28.506255209445953,0.009912656518281437,0.25045705353841186,0.00019291461437440002,-0.21885331580415368,369856
4547.383553757139,0.7698296180391297,21.40290901578584,0.12989590848351248,3000.442458003992,5.640086206896552,,,,,,,,-28.697306871414185,0.009805824258364737,0.24466496403329074,0.000189248482164736,0.23508598207263276,375808
4567.333383319521,0.7728144472621863,21.119263178073986,0.13972359341582916,3000.433109345031,5.855042016806722,,,,,,,,-28.92764788866043,0.009814683347940445,0.2650811318308115,0.0001856565579776,0.07123656489420682,381696
3775.3785765035877,0.7396901599732735,20.854346562460883,0.15744496246002532,3000.1906375228427,6.181523500810373,,,,,,,,-28.991619676351547,0.009672499421867542,0.23754892265424132,0.00018256126975999999,0.2657236982486211,386816
,,,,,,37033,0.029853617772459984,396817,2324.145586,3368.85,10,432,,,,,,
4222.588784060953,0.7540337114394559,20.8652232777709,0.14604261806317523,3000.076380006736,7.724604966139955,,,,,,,,-29.104963928461075,0.00953905783535447,0.2393437004648149,0.00017922483970457596,-0.6725343212019652,392384
4109.361222263683,0.7655292887972583,21.112728653493477,0.14183104282251316,3000.0319595000474,7.872146118721461,,,,,,,,-29.28274181485176,0.00948154425714165,0.2517026369459927,0.00017603281759846399,-0.39461393910460174,397760
3969.2094672689295,0.7251022044700273,20.588388782472574,0.15617099855958516,3000.149651143467,8.181818181818182,,,,,,,,-29.326738119125366,0.009432128645130433,0.24366040737368166,0.00017279467684249596,0.5369990558829159,403264
4201.162481137849,0.7597038844733903,21.03019379505963,0.13813696069000392,3056.8384662135504,7.002865329512894,,,,,,,,-29.41083425283432,0.009374262706842273,0.2731159699615091,0.00016958676951449601,0.33109896490350366,408768
,,,,,,39147,0.02973613701760769,418785,2479.6767109800003,3570.18,10,436,,,,,,
85.82896175751199,0.5919238741897379,17.71207341996616,0.18073870601355557,47.41129843238741,0.7758620689655172,,,,,,,,-29.37898313999176,0.009384405129821971,0.2650721687823534,0.00016951252674560002,-0.3439998575486243,408896
4411.627674690163,0.7554156977209183,20.939153237760642,0.14813446254765214,3027.376475820085,7.002008032128514,,,,,,,,-29.443547815084457,0.009258197504095733,0.24199194530956447,0.00016615177832038402,0.2532021041261032,414720
4249.040155623334,0.7815045347845013,21.093453013965462,0.12186683992362715,3077.1110481987707,7.001414427157002,,,,,,,,-29.70156791806221,0.009265292042982765,0.3172396852169186,0.00016304319450726395,0.4377485674340278,420160
4653.393889826907,0.7852504032782496,21.66819444746263,0.1208094289006511,3000.147123866016,4.396825396825397,,,,,,,,-29.784700334072113,0.009160910165519454,0.28802175261080265,0.00015967587288678398,-0.1592740366468206,426112
,,,,,,40832,0.029706081375479698,436129,2602.1640077,3720.35,10,440,,,,,,
